"Freq [GHz]","dB(S(1,1)) [] - n='5mm'","dB(S(1,1)) [] - n='6mm'","dB(S(1,1)) [] - n='7mm'","dB(S(1,1)) [] - n='8mm'","dB(S(1,1)) [] - n='9mm'","dB(S(1,1)) [] - n='10mm'","dB(S(1,1)) [] - n='11mm'","dB(S(1,1)) [] - n='12mm'","dB(S(1,1)) [] - n='13mm'","dB(S(1,1)) [] - n='14mm'","dB(S(1,1)) [] - n='15mm'"
3,-0.00216271406924456,-0.00571219672108508,-0.0144581106940911,-0.0306066046056558,-0.0611685064363756,-0.106705283256819,-0.187665996981492,-0.285439758890905,-0.403684241126242,-0.53324570681554,-0.616595836710055
3.01002506265664,-0.00217748636740893,-0.0057537967459359,-0.0147033945199487,-0.0310939133562293,-0.0622017955175634,-0.108290142099935,-0.189385384735252,-0.286281313569157,-0.407729569146839,-0.539967202291931,-0.628919643149213
3.02005012531328,-0.00219312741518912,-0.00579863043327548,-0.014953484442815,-0.0315932371802487,-0.0632602145688657,-0.109927724723347,-0.19121237137152,-0.28736574089749,-0.412035659716263,-0.54696138360556,-0.641474251041642
3.03007518796993,-0.00220963905803237,-0.00584670667403995,-0.0152084064303423,-0.0321046958820027,-0.0643440051233351,-0.11161869530505,-0.19314852086437,-0.288695555356123,-0.416605600356655,-0.554233151946969,-0.654262803732529
3.04010025062657,-0.00222702314834587,-0.00589803442111136,-0.015468186711852,-0.0326284109462514,-0.0654534107025309,-0.113363727803337,-0.195195417306278,-0.29027325134828,-0.421442488584902,-0.561787384424617,-0.667288418916591
3.05012531328321,-0.0022452815470796,-0.00595262269501339,-0.0157328518114706,-0.0331645055908884,-0.0665886768286099,-0.115163506270523,-0.197354665276181,-0.292101302424769,-0.426549429284523,-0.569628928717244,-0.680554184135293
3.06015037593985,-0.00226441612536903,-0.00601048058981614,-0.0160024285840826,-0.0337131048212212,-0.0677500510345315,-0.117018725185751,-0.199627890215265,-0.294182160513232,-0.431929531954667,-0.577762597491985,-0.694063152069249
3.07017543859649,-0.00228442876621262,-0.00607161727921438,-0.016276944254363,-0.0342743354859361,-0.068937782872305,-0.118930089809008,-0.20201673881051,-0.296518255151649,-0.437585907833191,-0.586193162585889,-0.707818335622831
3.08020050125313,-0.002305321366211,-0.00613604202283722,-0.0165564264590733,-0.034848326334744,-0.0701521239190702,-0.120898316558984,-0.204522879386044,-0.299111992725593,-0.443521666891,-0.594925348948946,-0.721822702798402
3.09022556390977,-0.00232709583735842,-0.00620376417274293,-0.0168409032929396,-0.0354352080778825,-0.0713933277809279,-0.122924133417832,-0.207148002302352,-0.301965755708654,-0.449739914694815,-0.6039638283472,-0.736079171357975
3.10025062656642,-0.00234975410888236,-0.00627479318014821,-0.0171304033583648,-0.0360351134473473,-0.0726616500943911,-0.125008280366313,-0.209893820363354,-0.305081901905341,-0.456243749135728,-0.6133132128251,-0.750590603270571
3.11027568922306,-0.00237329812914405,-0.00634913860237259,-0.0174249558192413,-0.0366481772601148,-0.0739573485253419,-0.127151509853685,-0.212762069231305,-0.30846276369562,-0.463036257020923,-0.622978047926767,-0.765359798944088
3.1203007518797,-0.00239772986758917,-0.00642681011000306,-0.0177245904592547,-0.0372745364832209,-0.0752806827653861,-0.129354587307286,-0.215754507849557,-0.312110647280182,-0.470120510526137,-0.632962805676571,-0.780389491240998
3.13032581453634,-0.00242305131676709,-0.00650781749431151,-0.0180293377449048,-0.0379143303009273,-0.0766319145255245,-0.131618291687893,-0.218872918873053,-0.316027831925429,-0.477499563506599,-0.643271877319938,-0.79568233927777
3.14035087719298,-0.00244926449439752,-0.00659217067489261,-0.0183392288937069,-0.0385677001839032,-0.0780113075271224,-0.133943416098084,-0.222119109106504,-0.320216569206985,-0.485176447664237,-0.653909565826188,-0.811240922008639
3.15037593984962,-0.00247637144551143,-0.00667987970756048,-0.0186542959478679,-0.039234789960569,-0.0794191274901019,-0.136330768452362,-0.225494909950129,-0.324679082250498,-0.493154168569272,-0.664880078155778,-0.827067731594933
3.16040100250627,-0.00250437424464419,-0.0067709547924938,-0.0189745718538576,-0.0399157458906571,-0.0808556421184242,-0.138781172219628,-0.229002177852746,-0.329417564968361,-0.501435701534389,-0.676187517295265,-0.843165166561994
3.17042606516291,-0.00253327499809438,-0.00686540628264493,-0.0193000905483037,-0.0406107167410064,-0.0823211210828744,-0.141295467250939,-0.232642794772093,-0.334434181290818,-0.510023987339935,-0.687835874064054,-0.859535524746445
3.18045112781955,-0.00256307584625795,-0.00696324469241967,-0.0196308870506155,-0.041319853863765,-0.0838158360013543,-0.143874510708453,-0.236418668642024,-0.339731064389884,-0.518921927808896,-0.699829018697923,-0.876180996037454
3.19047619047619,-0.00259377896602418,-0.00706448070662611,-0.0199669975628195,-0.0420433112769679,-0.0853400604168398,-0.146519178114996,-0.24033173384635,-0.345310315894325,-0.528132381230492,-0.712170692215212,-0.893103654916525
3.20050125313283,-0.00262538657323452,-0.00716912518970692,-0.0203084595770455,-0.0427812457476349,-0.0868940697733034,-0.149230364548599,-0.244383951698921,-0.351174005093855,-0.537658157631715,-0.724864497572583,-0.910305452801252
3.21052631578947,-0.00265790092523699,-0.00727718919526686,-0.0206553119911955,-0.0435338168774477,-0.0884781413900762,-0.152008986012095,-0.248577310929491,-0.357324168130606,-0.547502013896236,-0.737913890618148,-0.927788210199525
3.22055137844612,-0.00269132432347444,-0.00738868397590049,-0.0210075952332423,-0.0443011871910999,-0.090092554435136,-0.154855981015753,-0.252913828174896,-0.363762807175791,-0.557666648730573,-0.751322170851012,-0.945553608681667
3.23057644110276,-0.00272565911619172,-0.00750362099331334,-0.0213653513947424,-0.0450835222273935,-0.0917375898981075,-0.157772312420767,-0.257395548474888,-0.370491889589376,-0.568154697477634,-0.765092471997093,-0.963603182679126
3.2406015037594,-0.00276090770119876,-0.00762201192878591,-0.0217286243740255,-0.0458809906331658,-0.0934135305638793,-0.160758969604486,-0.262024545772001,-0.377513347060491,-0.578968726778235,-0.779227752412504,-0.981938311119431
3.25062656641604,-0.00279707252870342,-0.00774386869392378,-0.0220974600296439,-0.0466937642601647,-0.0951206609879747,-0.16381697102537,-0.266802923414558,-0.384829074726179,-0.590111229081452,-0.793730785326651,-1.00056020890836
3.26065162907268,-0.00283415610425338,-0.00786920344178455,-0.0224719063445797,-0.0475220182649579,-0.0968592674751873,-0.166947367288261,-0.271732814662001,-0.392440930265983,-0.601584617005166,-0.808604148938604,-1.0194699182715
3.27067669172932,-0.00287216099173615,-0.00799802857831326,-0.0228520136017555,-0.0483659312119536,-0.0986296380632244,-0.170151244840938,-0.276816383191408,-0.400350732969834,-0.613391217548578,-0.823850216381382,-1.03866829996851
3.28070175438596,-0.0029110898164863,-0.00813035677414633,-0.0232378345713826,-0.0492256851796655,-0.100432062513574,-0.173429730473715,-0.282055823604097,-0.408560262776502,-0.625533266158867,-0.839471145570099,-1.05815602439509
3.29072681704261,-0.00295094526846041,-0.00826620097677352,-0.0236294247106058,-0.0501014658703147,-0.10226683231227,-0.176783996849627,-0.287453361930902,-0.417071259279898,-0.63801290065477,-0.85546886895112,-1.07793356258838
3.30075187969925,-0.00299173010553181,-0.00840557442308113,-0.0240268423759551,-0.0509934627228855,-0.104134240683795,-0.180215269369272,-0.293011256134662,-0.42588542070038,-0.650832155010247,-0.871845083170747,-1.09800117715363
3.31077694235589,-0.00303344715684345,-0.00854849065226522,-0.0244301490490264,-0.0519018690297288,-0.10603458262201,-0.183724834781265,-0.298731796608156,-0.43500440281815,-0.663992953001976,-0.88860123868307,-1.11835891313072
3.32080200501253,-0.00307609932629121,-0.00869496351914865,-0.0248394095757291,-0.0528268820568604,-0.107968154942832,-0.187314052099301,-0.304617306665653,-0.444429817865763,-0.677497101725043,-0.905738529318169,-1.139006588821
3.33082706766917,-0.00311968959608261,-0.00884500720789822,-0.0252546924195277,-0.0537687031680777,-0.109935256364209,-0.190984366601478,-0.310670143025835,-0.454163233376735,-0.691346284981635,-0.92325788183288,-1.15994378659603
3.34085213032581,-0.00316422103040488,-0.00899863624616737,-0.0256760699287572,-0.0547275379529766,-0.111936187620185,-0.194737327997306,-0.316892696283773,-0.464206170987156,-0.705542056548328,-0.941159945467825,-1.18116984371158
3.35087719298246,-0.00320969677920899,-0.00915586551965484,-0.0261036186182982,-0.0557035963590537,-0.113971251616864,-0.198574614303084,-0.323287391369237,-0.474560105187202,-0.720085833327986,-0.959445081535575,-1.20268384315132
3.3609022556391,-0.00325612008207009,-0.00931671028711806,-0.0265374194655311,-0.0566970928280171,-0.116040753639863,-0.202498063644957,-0.329856687988377,-0.485226462019374,-0.734978888393183,-0.978113353066238,-1.22448460452636
3.37092731829574,-0.00330349427219696,-0.00948118619583585,-0.0269775582204812,-0.057708246436415,-0.118145001624272,-0.206509717239004,-0.336603081045445,-0.496206617720312,-0.750222343928496,-0.997164514537778,-1.24657067505807
3.38095238095238,-0.00335182278052742,-0.00964930929753014,-0.0274241257298902,-0.0587372810407761,-0.120284306500343,-0.210611878391055,-0.343529101040947,-0.507501897303013,-0.765817164079912,-1.01659800171981,-1.26894032067315
3.39097744360902,-0.00340110913995343,-0.00982109606478375,-0.0278772182746875,-0.0597844254273677,-0.122458982630381,-0.21480719487492,-0.350637314442066,-0.519113573076219,-0.781764147720177,-1.03641292166074,-1.29159151724106
3.40100250626566,-0.00345135698965843,-0.00999656340794852,-0.0283369379202261,-0.0608499134667918,-0.124669348354949,-0.219098776113629,-0.357930324020947,-0.531042863097888,-0.798063921139753,-1.05660804284907,-1.31452194198547
3.41102756892231,-0.00350257007957841,-0.0101757286925384,-0.028803392878298,-0.0619339842734956,-0.126915726669698,-0.223490363325541,-0.365410769155857,-0.543290929559515,-0.814716930673769,-1.07718178558126,-1.33772896510253
3.42105263157895,-0.00355475227500329,-0.0103586097572013,-0.0292766978797318,-0.0630368823704401,-0.129198446057555,-0.22798658228106,-0.37308132608974,-0.555858877098252,-0.831723435276054,-1.09813221256887,-1.36120964162009
3.43107769423559,-0.00360790756128961,-0.0105452249321744,-0.0297569745560553,-0.0641588578590835,-0.131517841505239,-0.232593328513362,-0.38094470814022,-0.568747751033742,-0.849083499052326,-1.11945701981939,-1.38496070353281
3.44110275689223,-0.00366204004871826,-0.0107355930583286,-0.0302443518283268,-0.065300166594822,-0.133874255737517,-0.237318371630948,-0.3890036658544,-0.58195853552668,-0.866796983765211,-1.14115352782547,-1.40897855224965
3.45112781954887,-0.00371715397748005,-0.0109297335067671,-0.0307389663009066,-0.0664610703681242,-0.136268040707995,-0.242172335191216,-0.39726098710131,-0.595492151656167,-0.8848635413247,-1.16321867309859,-1.4332592513907
3.46115288220551,-0.00377325372283043,-0.0111276661990335,-0.031240962657529,-0.0676418370915399,-0.138699559391127,-0.247170347244622,-0.405719497094055,-0.609349455413042,-0.90328260627845,-1.18564900008328,-1.45779851997133
3.47117794486216,-0.00383034380035091,-0.0113294116279043,-0.0317504940565713,-0.0688427409927777,-0.141169187926643,-0.252334947066538,-0.414382058333096,-0.623531235606445,-0.922053388317213,-1.20844065348943,-1.48259172601239
3.4812030075188,-0.00388842887138345,-0.0115349908788273,-0.032267722521983,-0.0700640628140366,-0.143677318174967,-0.257701480938807,-0.423251570461279,-0.638038211681033,-0.941174864811374,-1.23158937107991,-1.50763388061565
3.49122807017544,-0.00394751374862859,-0.0117444256519857,-0.0327928193258414,-0.0713060900178809,-0.146224360750162,-0.263328773592375,-0.432330970020395,-0.652871031442383,-0.960645773395673,-1.25509047695169,-1.53291963254417
3.50125313283208,-0.00400760340187129,-0.0119577382850356,-0.0333259653580265,-0.0725691169997876,-0.148810748605524,-0.269321939811365,-0.441623230098263,-0.668030268688244,-0.980464604619755,-1.27893887534872,-1.55844326334729
3.51127819548872,-0.00406870296390608,-0.0121749517765277,-0.0338673514779388,-0.0738534453076719,-0.151436941256102,-0.275886150747427,-0.451131359854344,-0.683516420743526,-1.00062959468316,-1.30312904504481,-1.58419868307051
3.52130325814536,-0.00413081773659883,-0.0123960898100289,-0.0344171788427914,-0.0751593838686042,-0.154103429731829,-0.283470429229264,-0.460858403910995,-0.699329905897077,-1.02113871827431,-1.32765503433497,-1.61017942658979
3.531328320802,-0.00419395319714976,-0.0126211767789668,-0.034975659206372,-0.0764872492229309,-0.156810742364377,-0.293223165045892,-0.470807441596497,-0.715471060738476,-1.04198968153351,-1.35251045667337,-1.63637865060992
3.54135338345865,-0.00425811500450854,-0.0128502378122333,-0.035543015181878,-0.0778373657661421,-0.159559451519848,-0.308815969007792,-0.480981586024895,-0.731940137393354,-1.06317991516126,-1.37768848699581,-1.66278913136595
3.55137844611529,-0.00432330900599933,-0.0130832988005466,-0.0361194804618621,-0.0792100659986433,-0.162350181397308,-0.346311960605492,-0.491383982996755,-0.748737300655916,-1.08470656769342,-1.40318185876396,-1.68940326306584
3.56140350877193,-0.00438954124410963,-0.0133203864236181,-0.0367052999880521,-0.080605690783798,-0.165183617019035,-0.461158312135229,-0.502017809703821,-0.765862625017746,-1.10656649896609,-1.42898286176823,-1.71621305711161
3.57142857142857,-0.00445681796349489,-0.0135615281781245,-0.0373007300635884,-0.0820245896144516,-0.168060514541233,-0.385332235882769,-0.512886273219431,-0.783316091592014,-1.12875627379321,-1.45508334072496,-1.74321014213498
3.58145363408521,-0.0045251456181682,-0.0138067524065444,-0.037906038399926,-0.0834671208882853,-0.170981713011936,-0.333577357880658,-0.523992608755689,-0.801097584932803,-1.15127215588107,-1.48147469470289,-1.77038576488208
3.59147869674185,-0.0045945308789174,-0.0140560883268476,-0.0385215040907638,-0.0849336521922596,-0.173948147694545,-0.325794084302322,-0.53534007766709,-0.819206889749325,-1.17411010200425,-1.50814787741237,-1.79773079197995
3.6015037593985,-0.00466498064089093,-0.0143095660630904,-0.0391474175053872,-0.0864245605964773,-0.176960865057708,-0.327251865114799,-0.546931965179586,-0.837643687515335,-1.19726575646821,-1.5350933983897,-1.82523571261582
3.61152882205514,-0.00473650203147487,-0.0145672166769359,-0.0397840800941914,-0.0879402329577768,-0.18002103950296,-0.331504869296751,-0.55877157782298,-0.856407552974296,-1.22073444588432,-1.56230132510689,-1.85289064215758
3.62155388471178,-0.00480910241831173,-0.0148290722001373,-0.0404318040995885,-0.0894810662333964,-0.183129991856651,-0.336898594207499,-0.570862240543807,-0.875497950541259,-1.24451117428367,-1.58976128603581,-1.88068532674163
3.63157894736842,-0.00488278941763376,-0.0150951656679931,-0.0410909121662986,-0.0910474678050316,-0.18628920958831,-0.342876025919447,-0.583207293475232,-0.894914230602867,-1.26859061859615,-1.61746247469337,-1.90860914885138
3.64160401002506,-0.00495757090276212,-0.0153655311538266,-0.0417617368459045,-0.0926398558136551,-0.189500368629985,-0.349212215652597,-0.595810088339886,-0.914655625717303,-1.29296712452208,-1.64539365469216,-1.93665113390666
3.6516290726817,-0.00503345501291103,-0.0156402038045139,-0.0424446199919034,-0.0942586595054203,-0.192765356555093,-0.355804193101763,-0.60867398446143,-0.934721246716347,-1.31763470282357,-1.67354316581873,-1.96479995788111
3.66165413533835,-0.00511045016221969,-0.0159192198771032,-0.0431399120428164,-0.0959043195890813,-0.196086296727648,-0.362600507537348,-0.621802344360474,-0.955110078712376,-1.34258702606316,-1.70189893115873,-1.99304395596087
3.67167919799499,-0.00518856504904767,-0.016202616776541,-0.0438479711927422,-0.0975772886052059,-0.199465572850023,-0.369573876851078,-0.63519852891097,-0.975820977013442,-1.36781742581748,-1.73044846528561,-2.02137113225439
3.68170426065163,-0.00526780866554458,-0.0164904330945458,-0.0445691624507253,-0.0992780313076864,-0.202905853118774,-0.376709325575327,-0.648865892033693,-0.996852662950166,-1.39331889039341,-1.7591788835264,-2.04976917055899
3.69172932330827,-0.00534819030749875,-0.0167827086497002,-0.0453038565924557,-0.101007025057849,-0.206410112945882,-0.383998573536532,-0.662807774904817,-1.01820371961875,-1.41908406307454,-1.78807691231461,-2.07822544618574
3.70175438596491,-0.00542971958449106,-0.0170794845287469,-0.0460524290102477,-0.102764760231598,-0.209981654923543,-0.391437189304769,-0.67702749965902,-1.03987258754482,-1.44510524092505,-1.81712890063732,-2.10672703883952
3.71177944862155,-0.00551240643030585,-0.0173808031291502,-0.0468152584697831,-0.10455174064,-0.213624124418143,-0.399023060919663,-0.691528362569056,-1.06185756027362,-1.47137437417829,-1.84632083257946,-2.13526074654707
3.7218045112782,-0.00559626111368751,-0.0176867082030044,-0.0475927257847047,-0.106368483963761,-0.217341518894438,-0.406755534010234,-0.706313626686524,-1.08415677989244,-1.49788306623653,-1.87563834096484,-2.1638131006205
3.73182957393484,-0.00568129424939779,-0.0179972449022623,-0.0483852124228423,-0.10821552220196,-0.221138188825287,-0.414634905987759,-0.721386513932354,-1.10676823249191,-1.52462257430807,-1.90506672208921,-2.19237038163943
3.74185463659148,-0.00576751680959281,-0.0183124598253782,-0.0491930990604112,-0.110093402135495,-0.225018827876524,-0.422662118779866,-0.736750196630119,-1.12968974357341,-1.55158381070694,-1.9345909515367,-2.22091863642934
3.75187969924812,-0.005854940135553,-0.0186324010653787,-0.0500167641029537,-0.112002685805703,-0.228988450020977,-0.430838566565872,-0.752407788480674,-1.15291897341051,-1.57875734483987,-1.9641957010669,-2.24944369600936
3.76190476190476,-0.00594357594974843,-0.0189571182594747,-0.0508565821940877,-0.113943951008556,-0.233052351386493,-0.439165972375608,-0.76836233498321,-1.17645341237293,-1.60613340590394,-1.993865356555,-2.27793119447706
3.7719298245614,-0.00603343636826576,-0.0192866626401394,-0.0517129227349323,-0.115917791804877,-0.237216055036343,-0.447646307148951,-0.784616803315244,-1.20029037622245,-1.63370188631738,-2.0235840369634,-2.30636658879298
3.78195488721805,-0.00612453391360177,-0.0196210870878606,-0.0525861484386472,-0.117924819047017,-0.241485237563902,-0.456281735666114,-0.801174071692823,-1.22442700139052,-1.66145234590469,-2.05333561431847,-2.33473517942245
3.79197994987469,-0.00621688152785334,-0.0199604461854853,-0.053476613945425,-0.119965660922466,-0.245865637383051,-0.465074579883089,-0.818036918241894,-1.24886024024839,-1.68937401685559,-2.08310373466133,-2.36302213178743
3.80200501253133,-0.00631049258627988,-0.0203047962742916,-0.0543846645237732,-0.122040963514765,-0.250362945902044,-0.474027293780435,-0.835208009422882,-1.2735868563813,-1.71745580947606,-2.1128718399373,-2.39121249847577
3.81203007518797,-0.00640538091128957,-0.0206541955118271,-0.055310634883663,-0.124151391382179,-0.254982684324419,-0.483142445974641,-0.852689888062383,-1.29860341987862,-1.74568631874753,-2.14262319078339,-2.41929124215094
3.82205513784461,-0.00650156078685319,-0.0210087039315485,-0.0562548481262754,-0.126297628154595,-0.259730070511703,-0.49242270765554,-0.870484961059253,-1.32390630265316,-1.77405383170872,-2.17234089016918,-2.44724325910042
3.83208020050125,-0.00659904697332744,-0.0213683835043623,-0.0572176148535645,-0.128480377148954,-0.264609881997936,-0.501870844237592,-0.888595486846283,-1.34949167380316,-1.80254633567223,-2.20200790784123,-2.47505340335654
3.84210526315789,-0.00669785472274082,-0.0217332982021089,-0.0581992324586574,-0.130700362003679,-0.269626322648943,-0.511489709639939,-0.90702356270364,-1.37535549503159,-1.83115152728583,-2.23160710551695,-2.5027065113194
3.85213032581454,-0.00679799979455003,-0.0221035140630541,-0.0591999846152739,-0.132958327332434,-0.274782901375431,-0.521282242453898,-0.925771112035733,-1.40149351613789,-1.85985682244593,-2.26112126276924,-2.53018742680783
3.86215538847118,-0.00689949847187556,-0.0224790992594693,-0.0602201409810521,-0.135255039397588,-0.280082331522895,-0.531251463483813,-0.944839871738997,-1.42790127059817,-1.88864936706806,-2.29053310353894,-2.55748102646051
3.87218045112782,-0.00700236757820035,-0.0228601241673832,-0.0612599571258083,-0.137591286803643,-0.28552645892419,-0.541400474300354,-0.964231379803814,-1.45457407125078,-1.91751604871645,-2.31982532320783,-2.58457224540631
3.88220551378446,-0.0071066244946424,-0.0232466614385245,-0.0623196746915908,-0.139967881210943,-0.291116225069022,-0.551732456549552,-0.983946963309247,-1.48150700610469,-1.94644350909187,-2.34898061616104,-2.61144610312033
3.8922305764411,-0.00721228717768595,-0.0236387860746241,-0.0633995217870026,-0.142385658069917,-0.296851669510411,-0.562250671833042,-1.00398772698351,-1.50869493428909,-1.97541815737368,-2.37798170376394,-2.6380877293794
3.90225563909774,-0.00731937417751293,-0.024036575504069,-0.0644997136138174,-0.144845477375972,-0.302731972717323,-0.572958462025338,-1.0243545425162,-1.5361324821631,-2.00442618440912,-2.40681136267489,-2.66448239022915
3.91228070175439,-0.00742790465687529,-0.0244401096610287,-0.0656204533194058,-0.14734822444523,-0.308755537429677,-0.583859249929616,-1.04504803881912,-1.56381403960559,-2.03345357773908,-2.43545245341246,-2.69061551387337
3.92230576441103,-0.00753789841055445,-0.0248494710671919,-0.0667619330644024,-0.149894810711142,-0.314920103564867,-0.594956540198946,-1.06606859344043,-1.59173375650537,-2.06248613744657,-2.46388794909218,-2.71647271639519
3.93233082706767,-0.00764937588541689,-0.0252647449160848,-0.0679243352909722,-0.152486174541975,-0.321222889236536,-0.606253920468306,-1.087416325342,-1.61988553947304,-2.09150949281013,-2.49210096424598,-2.7420398272196
3.94235588972431,-0.00776235820112386,-0.025686019160173,-0.069107834173764,-0.155123282079055,-0.327660748769015,-0.617755062655984,-1.10909108924977,-1.64826304879611,-2.12050911974109,-2.52007478363489,-2.76730291422669
3.95238095238095,-0.00787686717146073,-0.0261133846008117,-0.0703125972325739,-0.157807128095628,-0.334230337884661,-0.629463724402836,-1.13109247178317,-1.67685969565997,-2.14947035897957,-2.54779289096394,-2.7922483084258
3.96240601503759,-0.00799292532632567,-0.0265469349811263,-0.0715387870835879,-0.160538736875953,-0.340928276517033,-0.641383750625093,-1.15341978955985,-1.7056686396574,-2.17837843502044,-2.57523899740711,-2.81686262810199
3.97243107769424,-0.00811055593444357,-0.0269867670819242,-0.0727865633043318,-0.163319163114314,-0.34775130083073,-0.65351907516169,-1.176072089456,-1.73468278661014,-2.20721847573672,-2.60239706984884,-2.84113280234808
3.98245614035088,-0.00822978302677827,-0.0274329808208231,-0.0740560843865757,-0.166149492833279,-0.354696397778509,-0.665873722501212,-1.19904815118108,-1.76389478672644,-2.23597553266369,-2.62925135874888,-2.86504609389774
3.99248120300752,-0.00835063142067444,-0.0278856793546005,-0.0753475097512403,-0.169030844320633,-0.361760917616656,-0.67845180957643,-1.22234649229686,-1.7932970331186,-2.26463460190368,-2.65578642553676,-2.8885901211782
4.00250626566416,-0.00847312674479083,-0.028344969184951,-0.0766610017995934,-0.171964369083991,-0.368942661952114,-0.691257547616735,-1.24596537577539,-1.82288166070524,-2.29318064560714,-2.68198716944335,-2.91175287950418
4.0125313283208,-0.00859729546479256,-0.0288109602677656,-0.0779967279761753,-0.174951252822166,-0.376239946875078,-0.704295244050362,-1.26990282014914,-1.85264054552289,-2.32159861398221,-2.70783885367769,-2.93452276133896
4.02255639097744,-0.00872316490990586,-0.0292837661260627,-0.0793548628203657,-0.177992716411957,-0.383651642373715,-0.717569304449692,-1.29415661225894,-1.88256530447179,-2.34987346778129,-2.73332713085938,-2.95688857555253
4.03258145363409,-0.00885076330028644,-0.0297635039666718,-0.0807355899853785,-0.181090016908994,-0.391177190445213,-0.731084234513636,-1.31872432255257,-1.91264729552088,-2.37799020120931,-2.75843806761868,-2.9788395656118
4.04260651629073,-0.0089801197752865,-0.0302502948008716,-0.0821391042059829,-0.184244448560879,-0.398816605092057,-0.744844642082014,-1.34360332283025,-1.94287761839665,-2.4059338651955,-2.78315816827944,-3.00036542664278
4.05263157894737,-0.00911126442264226,-0.0307442635690641,-0.0835656131986624,-0.18745734383079,-0.406570457759476,-0.758855239177119,-1.368790806274,-1.9732471157807,-2.43368959096659,-2.80747439754324,-3.02145632131062
4.06265664160401,-0.00924422830857233,-0.031245539269653,-0.0850153394807536,-0.190730074429264,-0.414439851800731,-0.773120844068085,-1.39428380953703,-2.00374637504012,-2.46124261385684,-2.83137420209675,-3.04210289446889
4.07268170426065,-0.00937904350888988,-0.0317542550923354,-0.0864885220978804,-0.194064052351816,-0.422426389335959,-0.787646383353876,-1.42007923661033,-2.03436573051481,-2.48857829728749,-2.85484553106865,-3.06229628653593
4.08270676691729,-0.0095157431411162,-0.0322705485558701,-0.087985418251927,-0.197460730919537,-0.430532133484743,-0.802436894060725,-1.44617388412602,-2.06509526638495,-2.51568215684513,-2.87787685526728,-3.08202814556244
4.09273182957393,-0.00965436139761752,-0.0327945616505925,-0.0895063048242555,-0.20092160581973,-0.438759568478357,-0.817497525749977,-1.47256446770582,-2.09592482014127,-2.54253988438707,-2.90045718513499,-3.10129063796094
4.10275689223058,-0.00979493357988392,-0.0333264409858035,-0.0910514797917582,-0.204448216143141,-0.447111559656562,-0.832833542632173,-1.49924764891742,-2.12684398668002,-2.56913737209915,-2.92257608736129,-3.12007645787471
4.11278195488722,-0.00993749613388251,-0.0338663379421883,-0.0926212635354491,-0.208042145414209,-0.455591314870315,-0.848450325683092,-1.52622006236581,-2.15784212304316,-2.59546073643036,-2.94422370010207,-3.13837883517038
4.12280701754386,-0.0100820866865981,-0.0344144088295293,-0.0942160000435833,-0.211705022610301,-0.464202348375016,-0.864353374757318,-1.55347834242095,-2.18890835382353,-2.62149634182696,-2.96539074675906,-3.15619154204521
4.1328320802005,-0.0102287440838056,-0.0349708150498591,-0.0958360580130918,-0.215438523165764,-0.472948447924309,-0.880548310694766,-1.58101914906961,-2.22003157725317,-2.64723082418834,-2.9860685482799,-3.17350889824697
4.14285714285714,-0.0103775084290543,-0.0355357232662785,-0.0974818318547533,-0.219244369956125,-0.481833645468176,-0.89704087741519,-1.60883919237905,-2.25120047199138,-2.67265111396634,-3.00624903394589,-3.19032577491088
4.15288220551378,-0.010528421123996,-0.036109305577641,-0.0991537426088465,-0.223124334257828,-0.490862191618825,-0.913836943995587,-1.636935255073,-2.2824035046277,-2.69774445882952,-3.02592475062167,-3.20663759702475
4.16290726817043,-0.0106815249100368,-0.0366917396993885,-0.100852238779034,-0.227080236678354,-0.500038533868574,-0.930942506724945,-1.66530421274721,-2.31362893791264,-2.72249844581466,-3.04508887044793,-3.22244034453967
4.17293233082707,-0.0108368639113931,-0.0372832091506494,-0.102577797093071,-0.231113948051746,-0.50936729841649,-0.948363691130579,-1.69394305129161,-2.34486483972735,-2.74690102288833,-3.06373519696549,-3.23773055215001
4.18295739348371,-0.0109944836796054,-0.0378839034480213,-0.104330923199448,-0.235227390294215,-0.518853275376498,-0.966106753969782,-1.7228488811377,-2.37609909280104,-2.77094051984303,-3.08185816966641,-3.25250530777196
4.19298245614035,-0.0111544312395545,-0.0384940183060991,-0.106112152309409,-0.23942253721472,-0.528501407089704,-0.984178085180124,-1.75201894801172,-2.40731940518215,-2.79460566845381,-3.09945286697452,-3.26676224975576
4.20300751879699,-0.0113167551370415,-0.0391137558451952,-0.107922049793932,-0.243701415275493,-0.538316779240028,-1.00258420978144,-1.78145063994511,-2.43851332146735,-2.81788562182386,-3.11651500766546,-3.28049956287169
4.21303258145363,-0.0114815054879728,-0.0397433248063792,-0.10976121174525,-0.248066104297712,-0.548304614467391,-1.02133178972181,-1.81114149036979,-2.46966823478899,-2.84076997285019,-3.13304095074278,-3.29371597311487
4.22305764411028,-0.0116487340292599,-0.0403829407742543,-0.111630265512247,-0.252518738108141,-0.558470268181833,-1.04042762565959,-1.84108917720653,-2.50077139955896,-2.86324877174332,-3.14902769379338,-3.30641074137823
4.23308270676692,-0.0118184941714231,-0.0410328264076496,-0.113529870218891,-0.2570615051231,-0.56881922629935,-1.05987865867282,-1.87129151793582,-2.53180994496373,-2.88531254253905,-3.16447286985266,-3.31858365604699
4.24310776942356,-0.0119908410530532,-0.0416932116786653,-0.115460717274403,-0.261696648867105,-0.579357104643345,-1.07969197188691,-1.90174646072006,-2.56277088920204,-2.90695229854372,-3.17937474281526,-3.33023502457143
4.2531328320802,-0.012165831597113,-0.0423643341203057,-0.117423530883483,-0.266426468424809,-0.590089649781093,-1.09987479201071,-1.93245207172206,-2.59364115445324,-2.92815955665912,-3.19373220143384,-3.34136566407808
4.26315789473684,-0.0123435245692112,-0.0430464390830649,-0.119419068564368,-0.271253318826286,-0.60102274109113,-1.12043449077084,-1.96340651883376,-2.62440758256067,-2.94892635053777,-3.20754475195339,-3.35197689108155
4.27318295739348,-0.0125239806378963,-0.0437397800008915,-0.12144812168213,-0.276179611367741,-0.612162393883192,-1.14137858623284,-1.99460805209102,-2.65505695141095,-2.96924524252425,-3.22081250943419,-3.36207051036169
4.28320802005013,-0.0127072624370675,-0.0444446186667753,-0.123511516003891,-0.281207813871996,-0.623514763416971,-1.16271474399773,-2.02605498110203,-2.68557599198595,-2.98910933434362,-3.23353618782103,-3.37164880307243
4.29323308270677,-0.0128934346305591,-0.0451612255184776,-0.125610112282325,-0.28634045089593,-0.63508614968834,-1.18445077826135,-2.05774564985863,-2.71595140606068,-3.00851227650353,-3.24571708882066,-3.3807145141494
4.30325814536341,-0.0130825639789976,-0.0458898799347183,-0.127744806873223,-0.291580103895314,-0.646883002872385,-1.2065946527231,-2.08967840933042,-2.74616988451616,-3.02744827638237,-3.25735708965324,-3.38927083908466
4.31328320802005,-0.0132747194090223,-0.0466308705422981,-0.129916532392395,-0.296929411361297,-0.658911929330549,-1.22915448133037,-2.12185158826116,-2.77621812623257,-3.04591210498172,-3.26845862974712,-3.39732141013661
4.32330827067669,-0.0134699720849615,-0.047384495534566,-0.132126258416797,-0.302391068947196,-0.671179698105466,-1.25213852884337,-2.15426346259579,-2.80608285752378,-3.06389910232751,-3.2790246964487,-3.40487028204358
4.33333333333333,-0.0136683954830348,-0.0481510630016922,-0.134374992234365,-0.307967829609087,-0.683693247840793,-1.27555521120491,-2.18691222396538,-2.83575085207064,-3.08140518151033,-3.28905880982196,-3.41192191730823
4.34335839598998,-0.0138700654682306,-0.0489308912732991,-0.136663779646588,-0.31366250378926,-0.696459694075591,-1.2994130956983,-2.21979594764691,-2.86520895130642,-3.09842683136151,-3.29856500661372,-3.41848117111975
4.35338345864662,-0.0140750603739011,-0.0497243092738125,-0.138993705827613,-0.319477959677529,-0.709486336872996,-1.32372090087589,-2.25291256039707,-2.89444408520398,-3.11496111776799,-3.30754782346215,-3.4245532759789
4.36340852130326,-0.0142834610842568,-0.050531656891224,-0.141365896243321,-0.325417123591878,-0.722780668751727,-1.34848749623949,-2.28625980853432,-2.92344329341049,-3.13100568363467,-3.31601227942694,-3.43014382608958
4.3734335839599,-0.014495351119787,-0.0513532853596818,-0.143781517633638,-0.331482980526792,-0.736350382896359,-1.37372190165329,-2.31983522661392,-2.95219374667214,-3.14655874750934,-3.32396385791984,-3.4352587615786
4.38345864661654,-0.0147108167257992,-0.0521895576565453,-0.146241779061021,-0.33767857492476,-0.750203381628578,-1.39943328646842,-2.35363610700744,-2.98068276848774,-3.16161910089094,-3.33140848811412,-3.43990435260299
4.39348370927318,-0.01492994696417,-0.0530408489145202,-0.14874793302802,-0.344007011733611,-0.764347785126738,-1.42563096833767,-2.38765947066212,-3.00889785692694,-3.17618610424767,-3.33835252591105,-3.44408718340189
4.40350877192982,-0.0151528338084248,-0.053907546849422,-0.151301276666617,-0.350471457819604,-0.778791940385415,-1.45232441169716,-2.42190203927897,-3.03682670654616,-3.19025968177658,-3.34480273454056,-3.44781413634718
4.41353383458647,-0.0153795722422884,-0.0547900522043131,-0.153903153001971,-0.357075143812924,-0.793544430410177,-1.47952322589135,-2.45636020911162,-3.06445723033215,-3.20384031494207,-3.35076626487148,-3.45109237604423
4.42355889724311,-0.0156102603618702,-0.0556887792106461,-0.156554952293106,-0.363821366468465,-0.808614083645787,-1.50723716291601,-2.49103002655231,-3.09177758160154,-3.21692903483486,-3.35625063550573,-3.45392933353121
4.43358395989975,-0.0158449994815818,-0.0566041560671005,-0.159258113453146,-0.370713491630093,-0.824009983638327,-1.53547611475264,-2.52590716563733,-3.11877617578187,-3.22952741339807,-3.36126371272794,-3.45633269062205
4.44360902255639,-0.0160838942439929,-0.0575366254369462,-0.162014125551607,-0.377754957890433,-0.839741478933732,-1.56425011026694,-2.56098690757287,-3.14544171199881,-3.24163755357087,-3.36581369038017,-3.45831036443521
4.45363408521303,-0.0163270527337075,-0.0584866449646097,-0.164824529401301,-0.384949281040643,-0.855818193216774,-1.59356931164226,-2.59626412235376,-3.17176319439256,-3.25326207840416,-3.36990906972841,-3.45987049214685
4.46365914786967,-0.0165745865955435,-0.0594546878123416,-0.167690919232572,-0.392300059404608,-0.872250035695724,-1.62344401031781,-2.63173325252192,-3.19772995308576,-3.26440411920603,-3.37355863938483,-3.46102141600378
4.47368421052632,-0.0168266111570452,-0.0604412432177675,-0.170614944457502,-0.39981098014998,-0.889047211738851,-1.65388462240016,-2.66738829908954,-3.22333166472498,-3.27506730277756,-3.37677145534634,-3.46177166862849
4.48370927318296,-0.0170832455556357,-0.0614468170732933,-0.173598311526952,-0.407485826663062,-0.90622023376972,-1.68490168351519,-2.70322280963318,-3.24855837251801,-3.28525573780241,-3.37955682120714,-3.46212995864467
4.4937343358396,-0.0173446128705032,-0.0624719325281701,-0.176642785883423,-0.415328487066602,-0.923779932428664,-1.71650584306609,-2.73922986854929,-3.27340050568959,-3.29497400045535,-3.38192426859896,-3.46210515664909
4.50375939849624,-0.0176108402594715,-0.0635171306143349,-0.179750194012728,-0.423342963947764,-0.941737468008267,-1.74870785786212,-2.77540208944957,-3.29784889827948,-3.30422711929681,-3.3838835379096,-3.46170628155183
4.51378446115288,-0.0178820591010499,-0.0645829708969532,-0.182922425597862,-0.431533385348751,-0.960104342170869,-1.78151858508095,-2.81173160966476,-3.32189480720835,-3.31302055952155,-3.38544455932653,-3.46094248730433
4.52380952380952,-0.0181584051418332,-0.0656700321507004,-0.1861614357784,-0.439904017054007,-0.978892409956244,-1.81494897452633,-2.84821008681832,-3.345529929539,-3.3213602066306,-3.38661743424848,-3.45982305003111
4.53383458646617,-0.0184400186495544,-0.066778913063007,-0.189469247519079,-0.448459276186527,-0.998113892087513,-1.84901006014149,-2.88482869742704,-3.36874641886291,-3.3292523495956,-3.38741241710465,-3.45835735557857
4.54385964912281,-0.0187270445719287,-0.0679102329652782,-0.192847954091423,-0.457203746101536,-1.01778138758343,-1.8837129507372,-2.92157813748204,-3.39153690074547,-3.33670366358506,-3.38783989761689,-3.45655488749123
4.55388471177945,-0.019019632701611,-0.0690646325934507,-0.196299721672431,-0.466142192539175,-1.03790788668485,-1.91906881989215,-2.95844862496302,-3.41389448716636,-3.34372119232135,-3.38791038353706,-3.45442521542311
4.56390977443609,-0.0193179378474504,-0.0702427748790165,-0.199826792064629,-0.475279580970336,-1.05850678410294,-1.95508889498195,-2.99542990423768,-3.43581278989591,-3.35031233013645,-3.3876344838878,-3.4519779839896
4.57393483709273,-0.0196221200123826,-0.071445345771945,-0.203431485541993,-0.48462109504126,-1.07959189259665,-1.99178444529198,-3.03251125229981,-3.45728593275233,-3.35648480379341,-3.38702289273154,-3.44922290206254
4.58395989974937,-0.0199323445781457,-0.0726730550968157,-0.207116203826608,-0.494172155995362,-1.10117745688612,-2.0291667691679,-3.0696814868004,-3.47830856268991,-3.36224665413909,-3.38608637348897,-3.44616973250918
4.59398496240602,-0.0202487824971865,-0.0739266374436692,-0.210883433201037,-0.503938442924981,-1.1232781679086,-2.06724718015643,-3.10692897582815,-3.49887585967286,-3.36760621765163,-3.38483574382504,-3.44282828237364
4.60401002506266,-0.0205716104919897,-0.0752068530950279,-0.214735747761828,-0.5139259136836,-1.14590917742304,-2.1060369920883,-3.14424164939803,-3.51898354529582,-3.3725721079444,-3.3832818611171,-3.43920839349746
4.6140350877193,-0.0209010112622032,-0.0765144889907235,-0.218675812819759,-0.524140826271094,-1.16908611296843,-2.14554750305373,-3.18160701260778,-3.53862789011677,-3.37715319728566,-3.38143560851684,-3.43531993357428
4.62406015037594,-0.0212371736998295,-0.077850359732153,-0.22270638845279,-0.53458976049215,-1.19282509318101,-2.18578997822037,-3.21901216042467,-3.55780571967525,-3.38135859819071,-3.3793078816147,-3.4311727876318
4.63408521303258,-0.0215802931128737,-0.0792153086276912,-0.22683033321804,-0.545279639682228,-1.21714274347422,-2.22677563144251,-3.25644379406554,-3.57651441917401,-3.38519764514053,-3.37690957571242,-3.42677684993326
4.64411027568922,-0.0219305714577474,-0.0806102087810975,-0.231050608029314,-0.556217752296417,-1.24205621208499,-2.26851560560996,-3.29388823893449,-3.59475193680948,-3.3886798764782,-3.3742515737072,-3.42214201628876
4.65413533834587,-0.0222882175808538,-0.0820359642247511,-0.235370280207237,-0.567411773165345,-1.26758318648864,-2.31102095168416,-3.33133146408214,-3.61251678574206,-3.39181501653101,-3.37134473458782,-3.41727817676637
4.66416040100251,-0.0226534474697001,-0.0834935110997567,-0.239792527709256,-0.578869784238336,-1.29374191018431,-2.35430260636913,-3.36875910315079,-3.62980804470469,-3.39461295800361,-3.36819988254152,-3.41219520879131
4.67418546365915,-0.0230264845139517,-0.0849838188848969,-0.244320643547205,-0.590600294657153,-1.32055119985155,-2.39837136836437,-3.40615647676781,-3.64662535725381,-3.39708374468366,-3.36482779666742,-3.40690297062129
4.68421052631579,-0.0234075597768524,-0.0865078916766643,-0.248958040400536,-0.602612260033119,-1.34803046287778,-2.44323787314696,-3.44350861634844,-3.66296892967391,-3.39923755449894,-3.36123920129117,-3.40141129518493
4.69423558897243,-0.0237969122774579,-0.0880667695225738,-0.253708255433697,-0.614915100835098,-1.3761997152553,-2.4889125662306,-3.48080028926614,-3.678839527553,-3.40108468296088,-3.35744475687297,-3.39572998427008
4.70426065162907,-0.0241947892840768,-0.0896615298101158,-0.258574955326519,-0.627518719834275,-1.40507959984522,-2.53540567484945,-3.51801602534548,-3.69423847105249,-3.4026355270268,-3.35345505149989,-3.38986880304808
4.71428571428571,-0.0246014466195197,-0.0912932887138088,-0.263561941526955,-0.640433518592562,-1.4346914050048,-2.5827271780159,-3.55514014462876,-3.70916762890106,-3.40390056940952,-3.3492805929519,-3.38383747491995
4.72431077694236,-0.0250171489784894,-0.0929632027028843,-0.268673155735962,-0.653670413022769,-1.46505708357277,-2.63088677490227,-3.59215678636239,-3.72362941114779,-3.40489036335976,-3.34493180132948,-3.37764567667022
4.734335839599,-0.0254421702577794,-0.0946724701123265,-0.27391268563469,-0.66724084808934,-1.49619927220652,-2.67989385149799,-3.62904993914467,-3.7376267607155,-3.405615517944,-3.34041900222964,-3.37130303391414
4.74436090225564,-0.0258767938997078,-0.0964223327799926,-0.279284770864734,-0.681156811756111,-1.52814131106311,-2.72975744549591,-3.66580347216978,-3.75116314379988,-3.40608668383674,-3.33575242045629,-3.36481911682386
4.75438596491228,-0.0263213132494177,-0.0982140777527779,-0.284793809272584,-0.695430848321665,-1.56090726381456,-2.78048620936337,-3.70240116749779,-3.76424253916535,-3.40631453964376,-3.33094217424985,-3.35820343611945
4.76441102756892,-0.0267760319265897,-0.10004903906479,-0.290444363429983,-0.710076071311817,-1.59452193798656,-2.83208837155675,-3.73882675327285,-3.77686942639247,-3.40630977876951,-3.32599827002021,-3.35146543931084
4.77443609022556,-0.0272412642121727,-0.101928599590768,-0.296241167442369,-0.725106176121668,-1.62901090560771,-2.88457169584145,-3.77506393780569,-3.78904877313595,-3.4060830968394,-3.32093059756676,-3.34461450717686
4.78446115288221,-0.0277173354507951,-0.103854192977997,-0.302189134058124,-0.740535452616666,-1.66440052415477,-2.93794343868305,-3.81109644442905,-3.80078602145572,-3.40564517968487,-3.31574892576845,-3.33765995046811
4.79448621553885,-0.0282045824694841,-0.105827305660112,-0.308293362091921,-0.756378797912251,-1.70071795777771,-2.99221030467997,-3.84690804702775,-3.81208707328647,-3.40500669189663,-3.31046289872669,-3.33061100682063
4.80451127819549,-0.0287033540133718,-0.10784947895645,-0.314559144175937,-0.77265172955577,-1.73799119878615,-3.0473784000132,-3.88248260613838,-3.82295827511373,-3.40417826594914,-3.30508203234342,-3.32347683786804
4.81453634085213,-0.029214011199141,-0.109922311260585,-0.320991974853344,-0.789370399332389,-1.77624908937711,-3.10345318389428,-3.91780410550579,-3.83340640192667,-3.40317049189711,-3.29961571131672,-3.31626652653989
4.82456140350877,-0.0297369279868827,-0.112047460321938,-0.327597559029012,-0.806551607909784,-1.81552134358186,-3.16043941799988,-3.95285668897808,-3.84343864051921,-3.40199390764263,-3.29407318653606,-3.30898907453512
4.83458646616541,-0.0302724916711976,-0.114226645624473,-0.334381820792986,-0.82421282052487,-1.8558385694075,-3.21834111388838,-3.9876246976145,-3.85306257221252,-3.40065898976974,-3.28846357285935,-3.30165339995944
4.84461152882206,-0.0308211033922721,-0.116461650866667,-0.341350912632778,-0.842372183900865,-1.89723229114704,-3.27716147840275,-4.02209270687544,-3.86228615507206,-3.39917614494129,-3.28279584725409,-3.29426833511668
4.8546365914787,-0.0313831786678245,-0.118754326547033,-0.348511225051296,-0.861048544565741,-1.93973497182932,-3.33690285707338,-4.05624556375821,-3.87111770569319,-3.39755570185146,-3.277078847285,-3.28684262444423
4.86466165413534,-0.0319591479466967,-0.121106592659724,-0.355869396607582,-0.880261468723891,-1.98338003577828,-3.39756667554506,-4.09006842373772,-3.87956588062857,-3.39580790372559,-3.27132126993071,-3.2793849225839
4.87468671679198,-0.0325494571850229,-0.123520441504848,-0.363432324398374,-0.900031263813296,-2.02820189124863,-3.45915337906447,-4.12354678736762,-3.88763965753013,-3.39394290135777,-3.26553167071243,-3.27190379257951
4.88471177944862,-0.0331545684459107,-0.125997940618301,-0.371207174998829,-0.920379001860847,-2.0742359531029,-3.5216623700769,-4.15666653639418,-3.89534831607733,-3.39197074667544,-3.25971846311769,-3.26440770419395
4.89473684210526,-0.0337749605235018,-0.128541235826093,-0.379201395881555,-0.941326544729594,-2.12151866549293,-3.58509194399642,-4.18941396923348,-3.9027014187619,-3.38990138681901,-3.25388991830281,-3.25690503233846
4.90476190476191,-0.0344111295924689,-0.131152554428294,-0.387422727333471,-0.962896571334123,-2.17008752450616,-3.64943922322861,-4.22177583566152,-3.90970879159735,-3.38774465872369,-3.24805416505797,-3.24940405560795
4.91478696741855,-0.035063589883914,-0.133834208517915,-0.395879214890653,-0.98511260688445,-2.21998110073568,-3.7147000895431,-4.25373937056669,-3.91638050481968,-3.38551028418987,-3.24221919001928,-3.24191295491659
4.92481203007519,-0.0357328743887121,-0.13658859844012,-0.404579222311742,-1.00799905420477,-2.27123906173031,-3.78086911491206,-4.28529232661562,-3.92272685364293,-3.38320786542774,-3.23639283811264,-3.23443981222881
4.93483709273183,-0.0364195355893671,-0.139418216397445,-0.413531445111068,-1.03158122716165,-2.32390219427947,-3.84793949095204,-4.31642300568566,-3.92875833913086,-3.38084688106109,-3.23058281321478,-3.2269926093811
4.94486215538847,-0.0371241462214915,-0.142325650206702,-0.422744924672849,-1.0558853862264,-2.37801242648513,-3.91590295712867,-4.3471202889207,-3.93448564924282,-3.37843668257494,-3.22479667901725,-3.21957922699103
4.95488721804511,-0.037847300066023,-0.14531358721349,-0.432229062968476,-1.08093877618892,-2.43361284957186,-3.98474972790941,-4.37737366527209,-3.93991964010912,-3.37598649119127,-3.21904186007966,-3.21220744345021
4.96491228070175,-0.0385896127733023,-0.148384818370326,-0.441993637898851,-1.10676966603426,-2.4907477393836,-4.05446841907574,-4.40717325839199,-3.94507131758759,-3.37350539515669,-3.21332564305913,-3.20488493399856
4.9749373433584,-0.0393517227202625,-0.151542242484466,-0.452048819284168,-1.13340739098976,-2.54946257751424,-4.12504597343517,-4.43650985175388,-3.9499518191497,-3.37100234742588,-3.20765517810325,-3.19761926987784
4.98496240601504,-0.0401342919018544,-0.154788870641713,-0.462405185523554,-1.16088239674777,-2.6098040720174,-4.19646758620509,-4.46537491188287,-3.95457239614146,-3.36848616372446,-3.20203748039453,-3.19041791756291
4.99498746867168,-0.0409380068579461,-0.158127830812463,-0.473073740946864,-1.18922628586849,-2.67182017763898,-4.26871663037327,-4.49376060958795,-3.9589443964602,-3.36596552097494,-3.19647943183485,-3.18328823806955
5.00501253132832,-0.0417635796369965,-0.161562372646313,-0.484065933880909,-1.21847186636735,-2.7355601155141,-4.34177458237588,-4.52165983909813,-3.96307924768497,-3.36344895606947,-3.19098778285886,-3.17623748633834
5.01503759398496,-0.0426117487976426,-0.16509587246167,-0.495393675451918,-1.2486532024926,-2.80107439226864,-4.41562094847169,-4.54906623501616,-3.96698844069504,-3.36094486497315,-3.18556915436602,-3.1692728106943
5.0250626566416,-0.0434832804495712,-0.168731838436661,-0.507069359145582,-1.27980566770066,-2.8684148184631,-4.49023319223125,-4.57597418701464,-3.97068351380648,-3.35846150214201,-3.18023003976115,-3.16240125238256
5.03508771929825,-0.0443789693348516,-0.172473916007706,-0.519105881145216,-1.31196599983903,-2.93763452631444,-4.56558666360189,-4.60237885221264,-3.97417603745432,-3.35600698023982,-3.17497680709451,-3.15562974518056
5.04511278195489,-0.0452996399510319,-0.17632589348194,-0.531516661467585,-1.34517235854916,-3.00878798662908,-4.64165453005398,-4.62827616518372,-3.97747759944342,-3.35358927013821,-3.16981570129201,-3.14896511508776
5.05513784461153,-0.0462461477172611,-0.18029170786959,-0.544315665914651,-1.37946438490484,-3.08193102487666,-4.71840771035934,-4.65366284555988,-3.98059979078804,-3.35121620118505,-3.16475284646776,-3.14241408009381
5.06516290726817,-0.0472193801845908,-0.184375450942149,-0.557517428857763,-1.41488326330427,-3.15712083633059,-4.79581481160039,-4.67853640321009,-3.98355419215708,-3.34889546172616,-3.15979424831078,-3.13598325002688
5.07518796992481,-0.0482202582917618,-0.188581375521959,-0.571137076868841,-1.45147178563719,-3.23441600019639,-4.87384207005696,-4.702895140986,-3.98635236093815,-3.34663459986591,-3.15494579653854,-3.12967912648367
5.08521303258145,-0.0492497376675607,-0.192913902008409,-0.5851903532106,-1.48927441775109,-3.31387649264255,-4.95245329666702,-4.72673815504157,-3.98900581893099,-3.34444102445293,-3.15021326741062,-3.1235081028428
5.09523809523809,-0.0503088099808707,-0.197377625145543,-0.599693643194842,-1.5283373682434,-3.39556369864116,-5.03160982780631,-4.75006533274746,-3.99152604067771,-3.34232200627702,-3.14560232629591,-3.11747646436386
5.10526315789474,-0.0513985043394656,-0.201977321035282,-0.614664000414252,-1.56870865960911,-3.47954042251486,-5.11127048218086,-4.77287734823486,-3.99392444243433,-3.34028467946444,-3.14111853028742,-3.11159038837398
5.11528822055138,-0.0525198887384972,-0.206717954399809,-0.630119173849016,-1.61043820177559,-3.56587089707506,-5.19139152467283,-4.79517565561664,-3.99621237178573,-3.3383360430588,-3.13676733085923,-3.1058559445443
5.12531328320802,-0.0536740715595044,-0.211604686095806,-0.64607763584452,-1.65357786805911,-3.6546207912196,-5.27192663802556,-4.81696247994688,-3.99840109790341,-3.33648296277545,-3.13255407656036,-3.10027909525852
5.13533834586466,-0.0548622031207256,-0.216642880882335,-0.662558610950598,-1.69818157357937,-3.74585721583841,-5.35282690329365,-4.83824080599199,-4.00050180244327,-3.33473217291774,-3.12848401574097,-3.09486569607583
5.1453634085213,-0.0560854772791812,-0.221838115442883,-0.679582105606191,-1.74430535617128,-3.83964872785067,-5.43404079002126,-4.85901436489819,-4.00252557107845,-3.33309027844395,-3.12456229930641,-3.08962149629066
5.15538847117795,-0.0573451330850344,-0.227196186660897,-0.697168938645326,-1.79200745983524,-3.93606533216542,-5.51551415714112,-4.87928761885082,-4.00448338566021,-3.33156375717432,-3.12079398349536,-3.0845521395913
5.16541353383459,-0.0586424564883516,-0.232723120146342,-0.715340772591493,-1.84134842077031,-4.03517848131913,-5.59719026560947,-4.89906574383082,-4.00638611699815,-3.33015896212797,-3.11718403267835,-3.07966316482001
5.17543859649123,-0.0599787820981591,-0.238425179009211,-0.734120145697119,-1.89239115603766,-4.13706107249568,-5.67900980380497,-4.91835461058252,-4.00824451824938,-3.32888212398019,-3.11373732217344,-3.07496000683639
5.18546365914787,-0.0613554949935595,-0.244308872873629,-0.7535305046731,-1.94520105490541,-4.24178744157513,-5.76091092672122,-4.93716076391444,-4.01006921890462,-3.32773935363079,-3.11045864107617,-3.07044799748641
5.19548872180451,-0.0627740325860948,-0.250380967123762,-0.773596238039796,-1.99984607293064,-4.34943335378593,-5.84282930997126,-4.9554914004617,-4.01187071935823,-3.32673664487518,-3.10735269510126,-3.06613236667895
5.20551378446115,-0.0642358865323984,-0.256648492370015,-0.794342710015637,-2.05639682883963,-4.46007599044634,-5.92469821959551,-4.97335434504389,-4.01365938604772,-3.32587987716968,-3.10442410943365,-3.06201824357188
5.21553884711779,-0.0657426046955474,-0.263118754120677,-0.815796294842114,-2.11492670427457,-4.57379393117485,-6.00644859862188,-4.99075802575675,-4.01544544714736,-3.32517481848376,-3.10167743158697,-3.05811065786906
5.22556390977444,-0.0672957931531752,-0.26979934264059,-0.837984411423979,-2.17551194648238,-4.69066713081805,-6.08800917126301,-5.00771144793919,-4.01723898879973,-3.32462712823176,-3.09911713426776,-3.05441454123032
5.23558897243108,-0.0688971182497405,-0.276698142974138,-0.860935558141455,-2.23823177403222,-4.81077689018845,-6.16930656555333,-5.02422416715896,-4.01904995186831,-3.32424236027758,-3.09674761824391,-3.05093472879544
5.24561403508772,-0.0705483086897106,-0.283823345105157,-0.884679347665774,-2.30316848565959,-4.93420581951429,-6.25026545512194,-5.04030626136157,-4.02088812919348,-3.32402596600599,-3.0945732152162,-3.0476759608236
5.25563909774436,-0.0722511576677181,-0.291183454220998,-0.909246541581225,-2.37040757234975,-5.06103779327607,-6.33080872066813,-5.05596830232666,-4.0227631633341,-3.32398329745471,-3.09259819069196,-3.04464288444921
5.265664160401,-0.0740075250308762,-0.298787301041826,-0.934669084584844,-2.44003783279022,-5.19135789482964,-6.41085763155087,-5.07122132657472,-4.02468454477627,-3.32411961050203,-3.09082674686017,-3.04184005555514
5.27568922305764,-0.0758193394675049,-0.306644052169389,-0.960980137999107,-2.51215149234258,-5.32525234888808,-6.49033204772405,-5.08607680586508,-4.02666161059066,-3.32444006810493,-3.08926302546746,-3.03927194076402
5.28571428571429,-0.0776886007154535,-0.314763220401797,-0.988214112292971,-2.58684432570719,-5.46280843954075,-6.56915064204247,-5.10054661742268,-4.02870354351991,-3.32494974358313,-3.08791111069477,-3.03694291954795
5.29573934837093,-0.0796173817820399,-0.323154674952093,-1.01640669826176,-2.66421578348208,-5.60411441101839,-6.64723114273317,-5.1146430140275,-4.03081937147718,-3.32565362394494,-3.08677503203462,-3.03485728645712
5.30576441102757,-0.0816078311661871,-0.331828651498728,-1.04559489646626,-2.74436912284875,-5.74925934785198,-6.72449059557133,-5.12837859409546,-4.03301796743736,-3.32655661325129,-3.08585876716899,-3.03301925346744
5.31578947368421,-0.0836621750720174,-0.340795761985063,-1.07581704447583,-2.82741154265312,-5.89833303040448,-6.80084564502408,-5.14176627187426,-4.0353080497023,-3.3276635360143,-3.08516624484828,-3.03143295244696
5.32581453634085,-0.0857827196012233,-0.35006700407294,-1.10711284139828,-2.91345432318983,-6.05142576095764,-6.87621283333024,-5.15481924787169,-4.03769818252182,-3.32897914062755,-3.08470134777169,-3.030102437741
5.33583959899749,-0.0879718529099486,-0.359653770141708,-1.13952336911038,-3.00261297104285,-6.20862815458862,-6.95050891617457,-5.16755097962733,-4.04019677705231,-3.33050810282538,-3.08446791546973,-3.02903168887554
5.34586466165413,-0.0902320473135317,-0.369567855709043,-1.17309110952685,-3.09500736938357,-6.37003088794473,-7.02365119329653,-5.17997515293146,-4.04281209263547,-3.33225502916869,-3.08446974718966,-3.02822461337822
5.35588972431078,-0.0925658613203854,-0.37982146713316,-1.20785995716123,-3.1907619341799,-6.5357243976864,-7.0955578520499,-5.19210565358784,-4.04555223837954,-3.33422446055545,-3.08471060478491,-3.02768504971627
5.36591478696742,-0.0949759415735685,-0.390427228437393,-1.24387522613904,-3.29000577682515,-6.70579851878216,-7.16614832161022,-5.20395653980927,-4.04842517502634,-3.33642087575408,-3.08519421560943,-3.02741677035055
5.37593984962406,-0.0974650246757211,-0.401398187077735,-1.28118365072141,-3.39287287375242,-6.8803420509603,-7.23534363521751,-5.21554201532735,-4.05143871708763,-3.33884869495826,-3.08592427541838,-3.0274234849045
5.3859649122807,-0.100035938870017,-0.41274781845124,-1.31983337828432,-3.49950224365666,-7.05944223939754,-7.30306679755036,-5.22687640328955,-4.05460053523483,-3.34151228336222,-3.08690445127658,-3.02770884344708
5.39598997493734,-0.102691605546155,-0.424490028918432,-1.35987395357592,-3.6100381330006,-7.24318415310003,-7.36924315406347,-5.23797412100932,-4.05791815892675,-3.34441595475551,-3.0881383844762,-3.02827643988838
5.40601503759398,-0.105435040536629,-0.436639157085675,-1.40135629293873,-3.72463021052838,-7.43164994133838,-7.43380075889214,-5.24884965562675,-4.06139897926048,-3.34756397513675,-3.08962969346532,-3.02912981548654
5.41604010025063,-0.108269355164364,-0.44920997306366,-1.44433264703695,-3.84343377154667,-7.62491794486178,-7.49667073774163,-5.25951754072966,-4.06505025203126,-3.35096056634614,-3.09138197678939,-3.03027246246457
5.42606516290727,-0.111197756998035,-0.46221767538586,-1.48885655046862,-3.96660995275073,-7.82306163435646,-7.55778764204659,-5.2699923339776,-4.06887910098754,-3.35460990971651,-3.09339881604731,-3.03170782773578
5.43609022556391,-0.114223550266539,-0.475677885235662,-1.53498275646928,-4.09432595836481,-8.02614834364607,-7.61708979061075,-5.28028859576356,-4.07289252126835,-3.3585161497433,-3.0956837788643,-3.0334393167361
5.44611528822055,-0.117350135878409,-0.489606637592926,-1.58276715472621,-4.22675529831843,-8.23423775936463,-7.67451959492742,-5.29042086894136,-4.07709738301053,-3.36268339777382,-3.0982404218838,-3.03547029736189
5.45614035087719,-0.120581010986135,-0.504020368869887,-1.63226667012053,-4.36407803907872,-8.44738012218698,-7.73002386444025,-5.30040365963978,-4.08150043511388,-3.36711573571636,-3.10107229378055,-3.0378041040118
5.46616541353383,-0.123919768028838,-0.518935900562544,-1.68353913999868,-4.50648106758418,-8.66561408710908,-7.78355408813502,-5.310251419178,-4.08610830915328,-3.37181721977034,-3.10418293829759,-3.04044404173092
5.47619047619048,-0.127370093179746,-0.534370418397256,-1.73664316734432,-4.65415836845013,-8.88896418169306,-7.83506668905669,-5.31997852709079,-4.09092752342709,-3.37679188417824,-3.10757589730938,-3.04339339045607
5.48621553884712,-0.130935764117521,-0.550341446402865,-1.79163794697732,-4.80731131420603,-9.11743779165001,-7.88452324862063,-5.32959927526628,-4.09596448713199,-3.38204374500097,-3.11125471391407,-3.0466554093605
5.49624060150376,-0.134620647032427,-0.566866815287191,-1.84858306164977,-4.96614896773741,-9.35102159273744,-7.93189069792926,-5.33912785319365,-4.1012255046549,-3.38757680391799,-3.11522293555747,-3.05023334129689
5.5062656641604,-0.138428692769878,-0.583964624442752,-1.90753824463951,-5.13088839527995,-9.58967733695203,-7.97714147370908,-5.34857833431314,-4.10671677997339,-3.39339505205406,-3.1194841171919,-3.05413041733727
5.51629072681704,-0.142363932004804,-0.601653196851363,-1.9685631051642,-5.30175498717604,-9.83333688987173,-8.02025363694104,-5.35796466345637,-4.11244442115644,-3.39950247383452,-3.12404182447276,-3.05834986140863
5.52631578947368,-0.146430469331003,-0.619951026100755,-2.03171681265328,-5.47898278205603,-10.0818964055355,-8.06121095275877,-5.36730064536074,-4.11841444495807,-3.40590305087121,-3.12889963699618,-3.06289489502341
5.53634085213033,-0.15063247613963,-0.638876714670072,-2.0970577356288,-5.66281478801823,-10.3352095166887,-8.10000293072361,-5.37659993423792,-4.12463278149701,-3.41260076588148,-3.13406115158111,-3.06776874210381
5.54636591478697,-0.154974182150882,-0.658448902585579,-2.1646430306608,-5.85350329158299,-10.5930794134519,-8.13662482514029,-5.38587602437325,-4.13110527901608,-3.41959960664274,-3.1395299855991,-3.07297463389921
5.55639097744361,-0.15945986545254,-0.678686185495,-2.23452817658854,-6.05131014146675,-10.8552496852424,-8.17107759563856,-5.39514224172984,-4.13783770871547,-3.42690356998525,-3.14530978035566,-3.07851581399631
5.56641604010025,-0.164093840888566,-0.699607021160007,-2.30676644894346,-6.2565069892701,-11.1213938129893,-8.20336782880169,-5.40441173652862,-4.14483576965478,-3.43451666582628,-3.15140420452681,-3.0843955434215
5.57644110275689,-0.168880446630452,-0.72122962332374,-2.3814083292835,-6.46937546261128,-11.391103226683,-8.23350762215784,-5.41369747677352,-4.15210509371925,-3.44244292124853,-3.15781695765474,-3.09061710583539
5.58646616541353,-0.173824028754063,-0.743571841876235,-2.4585008439681,-6.69020723756126,-11.6638738941933,-8.26151443235419,-5.42301224268883,-4.1596512506458,-3.45068638462631,-3.16455177370667,-3.09718381281971
5.59649122807018,-0.178928923635046,-0.766651028218458,-2.53808682678511,-6.91930396577644,-11.9390914901507,-8.28741088979314,-5.43236862203483,-4.16747975310555,-3.45925112980289,-3.17161242470111,-3.10409900925682
5.60651629072682,-0.184199437967286,-0.790483884718414,-2.62020409980773,-7.15697699659294,-12.2160153194905,-8.31122458241663,-5.44177900626583,-4.17559606183953,-3.46814126032287,-3.17900272440604,-3.11136607880264
5.61654135338346,-0.189639826201453,-0.815086297165048,-2.70488456693978,-7.40354681437546,-12.4937613514022,-8.33298781166965,-5.45125558749466,-4.18400559084494,-3.47736091372339,-3.18672653211338,-3.11898844945374
5.6265664160401,-0.195254265195037,-0.840473149161449,-2.79215321483326,-7.65934208505448,-12.7712849682768,-8.35273732395234,-5.46081035622634,-4.19271371260992,-3.48691426588843,-3.19478775649471,-3.12696959921006
5.63659147869674,-0.201046825861862,-0.866658117464022,-2.88202701627515,-7.92469817099521,-13.0473643603979,-8.37051402107705,-5.47045509982375,-4.201725763395,-3.49680553547042,-3.20319035954305,-3.13531306183464
5.64661654135338,-0.207021441608446,-0.893653447374068,-2.97451373178799,-8.19995492743521,-13.3205859027321,-8.38636265338172,-5.48020140166774,-4.21104704856003,-3.50703898838395,-3.21193836060599,-3.14402243271239
5.65664160401002,-0.213181873347804,-0.921469707429729,-3.06961060613073,-8.48545353318859,-13.5893333228481,-8.40033149921463,-5.49006064097421,-4.22068284793585,-3.51761894237617,-3.2210358405154,-3.15310137481009
5.66666666666667,-0.219531670888525,-0.950115522835767,-3.16730295768679,-8.78153202856979,-13.8517829723938,-8.41247203449957,-5.50004399323103,-4.2306384212401,-3.52854977167907,-3.23048694581952,-3.16255362474031
5.67669172932331,-0.226074130509922,-0.979597287313987,-3.26756266046698,-9.08851912868258,-14.1059079778119,-8.42283859602051,-5.51016243121796,-4.24091901353743,-3.5398359117489,-3.24029589312298,-3.17238299893227
5.68671679197995,-0.232812248552967,-1.00991885336587,-3.37034652072178,-9.40672574296091,-14.3494943549261,-8.43148804193637,-5.52042672657338,-4.25152986074435,-3.5514818640982,-3.25046697354115,-3.182593399913
5.69674185463659,-0.2397486708832,-1.04108120131876,-3.47559455305005,-9.73643345310381,-14.5801721682213,-8.43847941285572,-5.53084745187244,-4.26247619517967,-3.56349220122632,-3.26100455727496,-3.19318882270275
5.70676691729323,-0.246885638116899,-1.07308208798485,-3.58322816451592,-10.0778789707664,-14.7954643111982,-8.44387359657772,-5.54143498318177,-4.2737632511616,-3.5758715716545,-3.27191309831283,-3.20417336132895
5.71679197994987,-0.254224926546369,-1.10591567630544,-3.69314825975263,-10.4312333022535,-14.9928543013258,-8.44773299934578,-5.55219950305712,-4.28539627065319,-3.58862470507177,-3.28319713926676,-3.21555121546333
5.72681704260652,-0.261767784756205,-1.13957214798661,-3.80523328545187,-10.796573979929,-15.1698725222176,-8.45012122617474,-5.5631510039511,-4.29738050895803,-3.60175641759851,-3.29486131634965,-3.22732669718762
5.73684210526316,-0.269514865990249,-1.17403730186009,-3.91933723910634,-11.1738482745861,-15.3241976730449,-8.45110277250753,-5.57429929199945,-4.30972124046847,-3.61527161717437,-3.30691036450152,-3.23950423789342
5.7468671679198,-0.27746615641049,-1.20929214152583,-4.03528767446926,-11.562824789237,-15.4537671119066,-8.45074272914252,-5.58565399115503,-4.32242376446911,-3.62917530907815,-3.31934912267246,-3.25208839532253
5.75689223057644,-0.285620899485089,-1.24531245674838,-4.15288374494824,-11.9630302923332,-15.5568868839931,-8.44910650205509,-5.59722454764044,-4.33549341099848,-3.64347260158705,-3.33218253927058,-3.26508386075449
5.76691729323308,-0.293977516853902,-1.28206840408022,-4.27189433603413,-12.3736681748226,-15.6323302685907,-8.44625954842298,-5.60902023469073,-4.34893554677237,-3.65816871178336,-3.34541567778369,-3.27849546634867
5.77694235588972,-0.302533526146905,-1.31952409325952,-4.39205634875105,-12.793514711805,-15.679413400245,-8.44226712986078,-5.62105015755947,-4.36275558117248,-3.67326897151702,-3.35905372258365,-3.29232819264876
5.78696741854637,-0.31128545637406,-1.35763718705906,-4.51307320775323,-13.2207897499357,-15.6980383536179,-8.4371940835795,-5.63332325876228,-4.3769589723044,-3.68877883353271,-3.37310198492299,-3.30658717625822
5.79699248120301,-0.320228761663489,-1.39635852341916,-4.63461367966521,-13.6530001652284,-15.6886979196536,-8.43110461191601,-5.64584832353331,-4.39155123312939,-3.70470387777081,-3.38756590913368,-3.32127771769575
5.80701754385965,-0.329357734297971,-1.43563176984741,-4.75631109894495,-14.0867584391878,-15.6524414263274,-8.42406209042801,-5.65863398547129,-4.40653793767472,-3.72104981785177,-3.4024510790385,-3.33640528944056
5.81704260651629,-0.33866541818505,-1.47539312116566,-4.87776310907816,-14.5175863558038,-15.5908062307312,-8.41612889452456,-5.67168873235305,-4.42192472732753,-3.73782250775405,-3.41776322458607,-3.3519755441779
5.82706766917293,-0.348143524091024,-1.51557105267731,-4.9985320351586,-14.9397266391665,-15.5057237407396,-8.40736624440193,-5.68502091209365,-4.43771731721772,-3.75502794869625,-3.43350822872084,-3.36799432325587
5.83709273182957,-0.357782348169628,-1.55608614165237,-5.11814600848145,-15.3460041724835,-15.3994111707857,-8.39783406787983,-5.69863873883313,-4.45392150269574,-3.77267229623458,-3.44969213450033,-3.38446766536559
5.84711779448622,-0.367570695516928,-1.59685097061216,-5.23610096305004,-15.7278016511832,-15.2742604400479,-8.38759088058372,-5.71255029913141,-4.47054316591121,-3.79076186758725,-3.46632115247218,-3.40140181545708
5.85714285714286,-0.377495810678339,-1.63777012616223,-5.3518636160968,-16.0752352328375,-15.1327340047917,-8.37669368279518,-5.7267635582536,-4.48758828249902,-3.80930314919838,-3.48340166832442,-3.4188032339046
5.8671679197995,-0.387543317213749,-1.67874030698967,-5.4648755280735,-16.3776191824636,-14.977274672401,-8.36519787219147,-5.74128636652927,-4.5050629283797,-3.82830280455391,-3.50094025082297,-3.43667860593535
5.87719298245614,-0.397697168583394,-1.71965055402777,-5.57455831050848,-16.6242734867243,-14.8102333519594,-8.35315717161808,-5.75612646577008,-4.52297328668126,-3.84776768226352,-3.51894366005121,-3.45503485133705
5.88721804511278,-0.407939612739551,-1.7603826146219,-5.6803200115891,-16.8056385271273,-14.6338158893572,-8.34062357098037,-5.77129149573121,-4.54132565479025,-3.86770482442257,-3.5374188559671,-3.47387913446007
5.89724310776942,-0.41825117288629,-1.80081145074043,-5.78156265906095,-16.9145265144524,-14.4500479898549,-8.32764728230251,-5.78678900060295,-4.56012645153978,-3.88812147526918,-3.5563730072943,-3.49321887453149
5.90726817042607,-0.428610646889112,-1.84080589882074,-5.87769087896884,-16.9472156417023,-14.2607558666804,-8.31427670698018,-5.80262643551943,-4.57938222454316,-3.90902509015237,-3.57581350076455,-3.51306175629881
5.91729323308271,-0.438995127766516,-1.880229485702,-5.96812143928622,-16.9040642683583,-14.0675596023049,-8.30055841424707,-5.81881117307278,-4.59909965768187,-3.93042334482784,-3.59574795072955,-3.53341574102259
5.92731829573935,-0.449380047564465,-1.91894140129275,-6.05229349361749,-16.7894417279238,-13.8718761032187,-8.28653712988129,-5.83535050982107,-4.619285578757,-3.95232414509899,-3.61618420916143,-3.55428907783819
5.93734335839599,-0.459739246692416,-1.95679762420762,-6.12967922753494,-16.6109994726771,-13.6749287791921,-8.27225573419531,-5.85225167277974,-4.63994696731405,-3.97473563682182,-3.63713037606235,-3.57569031550791
5.94736842105263,-0.470045070477987,-1.99365219168922,-6.19979454562467,-16.3785203421953,-13.4777615165113,-8.25775526837896,-5.86952182588638,-4.66109096265112,-3.99766621629315,-3.65859481030427,-3.59762831458631
5.95739348370927,-0.480268494271263,-2.02935859986155,-6.26220938849736,-16.1026740640728,-13.2812550164569,-8.24307494829917,-5.88716807642947,-4.68272487202105,-4.02112454104296,-3.68058614092188,-3.62011226002249
5.96741854636592,-0.490379277898823,-2.06377131493975,-6.31655724311919,-15.793953757714,-13.0861440547387,-8.22825218489924,-5.90519748143231,-4.7048561790388,-4.04511954105248,-3.7031132788823,-3.64315167422484
5.97744360902256,-0.500346149635713,-2.09674737069412,-6.36254341269168,-15.4619360810325,-12.8930346410914,-8.21332261038472,-5.92361705398364,-4.72749255230564,-4.06966043042136,-3.72618542935691,-3.66675643061492
5.9874686716792,-0.510137019140726,-2.12814802250622,-6.39995164732419,-15.1148790791059,-12.702420403601,-8.19832010942972,-5.94243376950691,-4.75064185426224,-4.09475671950801,-3.74981210452214,-3.69093676769892
5.99749373433584,-0.519719218002626,-2.15784042405826,-6.42864880389735,-14.7595929490637,-12.5146977889723,-8.18327685468687,-5.96165457196053,-4.77431215028358,-4.12041822756909,-3.7740031369172,-3.71570330368666
6.00751879699248,-0.529059765695011,-2.1856992893527,-6.44858729901603,-14.4014930760855,-12.3301798662025,-8.1682233459339,-5.98128637996172,-4.79851171802891,-4.14665509592544,-3.79876869338905,-3.74106705169001
6.01754385964912,-0.538125657863401,-2.21160850063494,-6.45980523537972,-14.044753029146,-12.1491086590133,-8.15318845224047,-6.0013360928266,-4.82324905706081,-4.17347780168326,-3.82411928965594,-3.76703943553411
6.02756892230577,-0.546884173004169,-2.23546262210759,-6.46242420903639,-13.6924972921704,-11.9716660244671,-8.13819945658843,-6.0218105965197,-4.84853289874795,-4.20089717204124,-3.85006580552339,-3.79363230621732
6.03759398496241,-0.555303192778209,-2.25716828022993,-6.45664493113532,-13.3469961949436,-11.7979831528479,-8.1232821024277,-6.0427167695055,-4.8743722164667,-4.22892439921618,-3.87661950078806,-3.82085795905732
6.04761904761905,-0.563351530473358,-2.27664537395253,-6.44274091140719,-13.0098431778571,-11.6281487966612,-8.10846064169712,-6.06406148849548,-4.90077623611802,-4.25757105602144,-3.90379203186726,-3.84872915156344
6.05764411027569,-0.570999261527361,-2.29382808240609,-6.42105054186391,-12.6821062338491,-11.4622163520715,-8.09375788388501,-6.08585163408324,-4.92775444697594,-4.28684911213484,-3.93159546919424,-3.87725912207752
6.06766917293233,-0.578218049585742,-2.30866564320201,-6.39196798130769,-12.3644521953884,-11.3002099199853,-8.07919524574753,-6.10809409626077,-4.95531661288558,-4.31677095109492,-3.96004231542169,-3.90646160922815
6.07769423558897,-0.584981461327467,-2.32112288136758,-6.35593327104456,-12.0572459980205,-11.1421294705172,-8.06479280134368,-6.1307957798083,-4.98347278382887,-4.34734938806674,-3.98914552447871,-3.93635087224584
6.08771929824561,-0.591265263270256,-2.33118047670272,-6.31342211034457,-11.7606284604857,-10.9879552267584,-8.05056933208449,-6.15396360955038,-5.01223330787759,-4.37859768842116,-4.01891852152913,-3.96694171218954
6.09774436090226,-0.597047693981004,-2.33883496561731,-6.26493569054566,-11.4745763964785,-10.8376513736445,-8.03654237652962,-6.17760453546983,-5.04160884355357,-4.41052958717433,-4.04937522388226,-3.99824949413822
6.1077694235589,-0.602309705567424,-2.34409848186502,-6.21099093542914,-11.198948594484,-10.6911691867004,-8.02272827969795,-6.20172553767143,-5.07161037261761,-4.44315930933702,-4.08053006291027,-4.03029017040408
6.11779448621554,-0.607035169004946,-2.34699824860468,-6.15211142995728,-10.9335207036484,-10.548449664386,-8.00914224168995,-6.22633363118635,-5.10224921330925,-4.4765015912269,-4.11239800703001,-4.06308030482796
6.12781954887218,-0.611211038735837,-2.34757584149862,-6.08881924711264,-10.6780115216345,-10.4094257372285,-7.99579836544724,-6.25143587060771,-5.13353703406065,-4.5105717028001,-4.1449945858106,-4.09663709822095
6.13784461152882,-0.614827473031382,-2.34588624876434,-6.02162781009889,-10.4321026782303,-10.2740241171908,-7.9827097035014,-6.27703935454709,-5.16548586770929,-4.54538547106238,-4.17833591527235,-4.13097841502042
6.14786967418546,-0.617877907789671,-2.3419967589736,-5.95103585988339,-10.1954532781908,-10.1421668419442,-7.96988830358712,-6.30315122990115,-5.19810812623498,-4.58095930462413,-4.21243872444684,-4.16612281123292
6.15789473684211,-0.620359082700003,-2.33598571078543,-5.87752253969112,-9.96771071431324,-10.0137725609101,-7.95734525301643,-6.32977869591618,-5.23141661604834,-4.61731021946798,-4.24732038327228,-4.20208956374095
6.16791979949875,-0.622271019986469,-2.32794114064359,-5.80154356069128,-9.74851858096363,-9.88875760309005,-7.94509072172989,-6.35692900803808,-5.26542455385912,-4.65445586600234,-4.28299893190392,-4.23889870105584
6.17794486215539,-0.623616957192096,-2.31795936480417,-5.72352837742826,-9.53752239862606,-9.76703686075763,-7.933134003958,-6.38460948153343,-5.30014558315397,-4.69241455747948,-4.3194931115239,-4.27657103560389
6.18796992481203,-0.624403236630021,-2.30614353100316,-5.64387827710607,-9.33437369027097,-9.64852451795246,-7.92148355844139,-6.41282749486681,-5.3355937913152,-4.73120529986215,-4.35682239674113,-4.31512819763896
6.19799498746867,-0.624639155162984,-2.29260217281766,-5.56296527245033,-9.13873282014683,-9.53313464830944,-7.91014704717233,-6.44159049281757,-5.37178372741326,-4.77084782322882,-4.39500702967802,-4.35459267088058
6.20802005012531,-0.624336778839959,-2.27744779654934,-5.48113168191624,-8.95027090627411,-9.42078170299391,-7.89913137263188,-6.47090598931823,-5.40873042070769,-4.81136261481421,-4.43406805584735,-4.39498782998337
6.21804511278196,-0.623510727592251,-2.2607955265256,-5.3986902816952,-8.76867104239035,-9.31138090630685,-7.88844271350802,-6.50078156999478,-5.4464493998927,-4.85277095378851,-4.47402736192991,-4.43633797995057
6.2280701754386,-0.622177935655115,-2.2427618303344,-5.31592491954131,-8.59362900776151,-9.20484857380005,-7.87808655888935,-6.53122489438748,-5.48495671312585,-4.89509494788665,-4.51490771557142,-4.47866839761178
6.23809523809524,-0.620357393631095,-2.22346334093248,-5.23309148930984,-8.42485359979927,-9.10110236543217,-7.86806774093679,-6.56224369782883,-5.52426894887995,-4.93835757200727,-4.55673280732564,-4.52200537529383
6.24812030075188,-0.618069878154389,-2.20301578801729,-5.15041917593157,-8.26206669146383,-9.00006148434207,-7.85839046604323,-6.59384579295325,-5.56440325766061,-4.98258270890978,-4.59952729487968,-4.56637626682149
6.25814536340852,-0.615337674967746,-2.18153304671454,-5.06811189226776,-8.10500309043846,-8.90164683016185,-7.84905834449656,-6.62603907081065,-5.60537737463382,-5.02779519214814,-4.64331684970728,-4.61180953599493
6.26817042606516,-0.612184300908267,-2.15912630765206,-4.98634984109196,-7.9534102581061,-8.8057811143953,-7.84007441866703,-6.65883150155357,-5.64720964321075,-5.07402085139046,-4.68812820630695,-4.65833480770055
6.2781954887218,-0.608634229844757,-2.13590336896811,-4.90529114675459,-7.80704793197104,-8.71238894420748,-7.83144118974381,-6.692231134665,-5.6899190396388,-5.12128656028533,-4.73398921419291,-4.70598292182275
6.28822055137845,-0.604712627049266,-2.11196804780081,-4.82507351152973,-7.66568768424662,-8.62139687997507,-7.8231606430495,-6.7262460986907,-5.73352519865107,-5.16962028704851,-4.78092889281973,-4.75478599013585
6.29824561403509,-0.600445095851688,-2.08741970634963,-4.74581586100637,-7.52911244103257,-8.53273347110593,-7.81523427196393,-6.76088460043696,-5.77804844022888,-5.21905114795777,-4.82897748963524,-4.80477745636807
6.30827067669173,-0.595857439751298,-2.06235288568785,-4.6676199510764,-7.39711598020552,-8.44632927392669,-7.80766310049127,-6.79615492359099,-5.82350979753487,-5.2696094639588,-4.87816654147079,-4.85599215964273
6.31829573934837,-0.590975442471944,-2.03685703910641,-4.59057191608089,-7.26950242135958,-8.36211685483779,-7.80044770450597,-6.83206542671756,-5.86993104607729,-5.32132682060189,-4.92852893949459,-4.9084664015168
6.32832080200501,-0.585824667774583,-2.01101635584123,-4.51474374355946,-7.14608571750257,-8.28003078142952,-7.79358823171464,-6.86862454058112,-5.91733473416924,-5.37423613154776,-4.98009899797094,-4.96223801685196
6.33834586466165,-0.580430280203032,-1.98490966552149,-4.44019466589335,-7.02668915546071,-8.20000760382516,-7.78708442037191,-6.90584076473865,-5.96574421475003,-5.42837170590099,-5.03291252708775,-5.01734644877085
6.3483709273183,-0.57481688735332,-1.95861041351353,-4.36697246305201,-6.91114486986216,-8.12198582815707,-7.78093561678904,-6.9437226633431,-6.01518367863917,-5.4837693196516,-5.08700691013526,-5.07383282796846
6.35839598997494,-0.569008403735375,-1.93218669746116,-4.29511467376157,-6.79929337399887,-8.04590588377589,-7.77514079167434,-6.98227886009261,-6.06567818929725,-5.54046629153032,-5.14242118534202,-5.1317400566687
6.36842105263158,-0.563027935845714,-1.90570135567692,-4.22464971482864,-6.69098310968588,-7.97171008553612,-7.76969855534463,-7.02151803225483,-6.11725371917191,-5.59850156360984,-5.19919613269879,-5.1911128975365
6.37844611528822,-0.556897687694419,-1.87921209856365,-4.15559791018403,-6.58607001735578,-7.8993425922836,-7.76460717184699,-7.06144890368957,-6.1699371877108,-5.65791578701429,-5.25737436612835,-5.25199806787832
6.38847117794486,-0.550638885728937,-1.85277167489058,-4.08797243255821,-6.48441712697155,-7.82874936248594,-7.75986457202973,-7.10208023678666,-6.22375650112777,-5.7187514131324,-5.31700043138915,-5.31444433948776
6.3984962406015,-0.544271721868195,-1.82642806546925,-4.02178016165269,-6.38589416986123,-7.75987810779217,-7.75546836560104,-7.14342082322854,-6.27874059401279,-5.78105279076642,-5.37812091013317,-5.37850264451852
6.40852130325815,-0.537815313198001,-1.80022469753468,-3.95702246330668,-6.29037721123013,-7.69267824517577,-7.75141585221368,-7.18547947347981,-6.33491947288041,-5.84486626968951,-5.4407845305741,-5.44422618779407
6.41854636591479,-0.531287676776392,-1.77420067390731,-3.89369589454214,-6.19774830285968,-7.62710084820459,-7.74770403161293,-7.22826500489753,-6.39232426175616,-5.91024031112939,-5.50504228526147,-5.51167056599259
6.42857142857143,-0.524705717947461,-1.74839101176595,-3.83179283955803,-6.10789515533142,-7.56309859788691,-7.74432961288497,-7.27178622834734,-6.4509872499049,-5.97722560574685,-5.5709475564993,-5.58089389417652
6.43859649122807,-0.518085230557333,-1.72282688658629,-3.77130208178362,-6.02071082900277,-7.5006257334639,-7.7412890228418,-7.31605193320078,-6.51094194180989,-6.04587519973291,-5.63855624999514,-5.6519569401684
6.44862155388471,-0.511440907497245,-1.69753587747844,-3.71220931702673,-5.9360934428915,-7.4396380034514,-7.73857841357819,-7.36107087057936,-6.57222310951585,-6.11624462971197,-5.70792693737775,-5.72492326730933
6.45864661654135,-0.504786360059711,-1.67254221078342,-3.65449761259821,-5.85394590058994,-7.3800926171776,-7.73619366923583,-7.4068517346994,-6.63486684745418,-6.18839206720744,-5.779121008279,-5.7998593861724
6.468671679198,-0.498134144676769,-1.64786699935823,-3.59814781708281,-5.77417563231686,-7.32194819701534,-7.7341304120084,-7.45340314216049,-6.69891062987307,-6.26237847350536,-5.85220283273878,-5.87683491584059
6.47869674185464,-0.491495795708288,-1.6235284754887,-3.54313892517721,-5.69669435222056,-7.26516473146782,-7.73238400742157,-7.50073360900725,-6.76439337099933,-6.33826776583915,-5.92723993476165,-5.95592275539779
6.48872180451128,-0.484881863057661,-1.59954221582094,-3.4894484017445,-5.62141783006356,-7.20970352923226,-7.73094956892036,-7.54885152538093,-6.83135548806333,-6.41612699591753,-6.0043031779308,-6.03719926632065
6.49874686716792,-0.478301953507293,-1.57592135709585,-3.437052468952,-5.54826567644618,-7.155527174338,-7.72982196179662,-7.59776512756307,-6.89983896732193,-6.49602654192931,-6.08346696407033,-6.12074446649935
6.50877192982456,-0.471764774783048,-1.55267680181181,-3.38592636007466,-5.47716114075845,-7.10259948243146,-7.72899580648804,-7.64748246719756,-6.96988743321728,-6.57804031528404,-6.16480944604029,-6.20664223665394
6.5187969924812,-0.465278181472216,-1.5298174132307,-3.33604454326537,-5.40803092108572,-7.05088545826049,-7.7284654812802,-7.69801137746174,-7.04154622081201,-6.66224598348995,-6.24841275585371,-6.29498053995105
6.52882205513784,-0.45884922203125,-1.50735019938682,-3.28738091832221,-5.34080498533165,-7.0003512543939,-7.72822512444266,-7.74935943593937,-7.11486245164249,-6.74872521073131,-6.33436324941884,-6.38585165565993
6.53884711779449,-0.452484186225278,-1.48528048596171,-3.23990898922252,-5.27541640286156,-6.95096413119825,-7.72826863582939,-7.80153392393019,-7.18988511313189,-6.83756391789015,-6.42275176933799,-6.47935242771664
6.54887218045113,-0.446188652440516,-1.46361207805405,-3.19360201494801,-5.21180118600793,-6.90269241808221,-7.72858967797432,-7.8545417819111,-7.26666514170304,-6.9288525639651,-6.51367392733427,-6.57558452908672
6.55889724310777,-0.439967534401795,-1.44234741100807,-3.14843314089473,-5.1498981408187,-6.85550547600949,-7.72918167671183,-7.90838956084416,-7.34525550972758,-7.02268645107725,-6.60723040803407,-6.67465474282831
6.56892230576441,-0.433825126910543,-1.42148769057,-3.10437551294706,-5.08964872646644,-6.80937366127361,-7.73003782135263,-7.96308336900442,-7.42571131644083,-7.11916605552325,-6.7035272960046,-6.77667526075231
6.57894736842105,-0.427765150293137,-1.40103302272337,-3.06140237609609,-5.03099692277266,-6.7642682905212,-7.7311510644451,-8.01862881397894,-7.50808988294223,-7.21839738764609,-6.80267642813649,-6.88176400055145
6.58897243107769,-0.421790793315892,-1.38098253361508,-3.01948715929957,-4.9738891053359,-6.72016160700565,-7.73251412115234,-8.07503093946494,-7.59245085138705,-7.32049238365035,-6.90479577367184,-6.99004494221517
6.59899749373434,-0.415904754381564,-1.36133448002714,-2.97860354811299,-4.91827392778511,-6.67702674804853,-7.73411946827576,-8.13229415647107,-7.6788562884556,-7.42556933289756,-7.0100098444097,-7.10164848445437
6.60902255639098,-0.410109280872955,-1.34208635087802,-2.93872554646732,-4.86410221071141,-6.63483771368335,-7.73595934295571,-8.19042216850147,-7.76737079315997,-7.53375334469021,-7.11845013787553,-7.2167118217154
6.61904761904762,-0.404406206553209,-1.32323496025359,-2.8998275288294,-4.81132683685975,-6.59356933645346,-7.73802574108093,-8.24941789027721,-7.85806160901477,-7.64517685909965,-7.23025561652216,-7.33537934215013
6.62907268170426,-0.398796986969641,-1.30477653247416,-2.86188428385358,-4.75990265219034,-6.55319725233399,-7.74031041543838,-8.30928335952537,-7.95099874055421,-7.75998020702692,-7.34557322633475,-7.45780304660628
6.6390977443609,-0.393282732839497,-1.28670677970314,-2.824871050518,-4.70978637244522,-6.5136978727467,-7.74280487363614,-8.3700196413404,-8.04625507412159,-7.87831222542277,-7.46455845854585,-7.58414298828118
6.64912280701754,-0.387864241422147,-1.26902097259422,-2.78876354763438,-4.66093649487943,-6.47504835763526,-7.74550037583267,-8.43162672459953,-8.14390650278631,-8.00033093445379,-7.587375958527,-7.71456773210706
6.65914786967419,-0.382542025903659,-1.251714004462,-2.75353799752632,-4.61331321483927,-6.43722658956812,-7.74838793230661,-8.49410340989025,-8.24403205515358,-8.12620428440752,-7.71420018630887,-7.84925483215613
6.66917293233083,-0.377316342837012,-1.23478044944397,-2.71917114458562,-4.56687834689075,-6.40021114883615,-7.75145830090217,-8.55744718838765,-8.34671402771961,-8.25611098131086,-7.84521613359161,-7.98839132431057
6.67919799498747,-0.372187217694651,-1.21821461510283,-2.68564026934007,-4.52159525022131,-6.36398128951143,-7.75470198438638,-8.62165411110091,-8.45203812028454,-8.39024140162741,-7.98062010253361,-8.13217423005003
6.68922305764411,-0.367154468600771,-1.20201058989687,-2.65292319859694,-4.47742875805622,-6.32851691643469,-7.75810922775551,-8.68671864789351,-8.56009357376075,-8.52879860804249,-8.12062055204143,-8.2808110653633
6.69924812030075,-0.362217728318213,-1.18616228592392,-2.62099831216492,-4.4343451108481,-6.2937985630986,-7.76167001552928,-8.75263353567203,-8.67097330949667,-8.67199948029385,-8.26543901771157,-8.43452034634986
6.70927318295739,-0.357376464570384,-1.17066347732145,-2.58984454660159,-4.39231189301385,-6.25980737039477,-7.76537406907265,-8.81938961513439,-8.78477406896745,-8.82007597732482,-8.41531111197212,-8.59353207985677
6.71929824561403,-0.352629998782084,-1.15550783468209,-2.55944139638364,-4.35129797300813,-6.22652506619309,-7.76921084398679,-8.88697565547255,-8.9015965523515,-8.97327654980883,-8.57048761130684,-8.75808822325651
6.72932330827068,-0.347977523324847,-1.14068895582101,-2.52976891285278,-4.31127344653634,-6.19393394572235,-7.7731695276117,-8.95537816643769,-9.02154555409906,-9.13186772541627,-8.73123563766135,-8.92844309188924
6.73934837092732,-0.343418117353061,-1.12620039320902,-2.50080770125031,-4.27220958272285,-6.16201685272227,-7.77723903668505,-9.02458119720138,-9.14473009309195,-9.29613589319959,-8.89783994116274,-9.10486368535359
6.74937343358396,-0.33895076131634,-1.11203567836314,-2.47253891611737,-4.23407877306196,-6.13075716133744,-7.78140801520308,-9.09456612148551,-9.27126353436562,-9.46638931831638,-9.07060429101994,-9.28762989417479
6.7593984962406,-0.334574350232302,-1.09818834346569,-2.44494425530647,-4.19685448299051,-6.10013875872465,-7.78566483253108,-9.16531140849014,-9.40126369858978,-9.64296042419732,-9.24985298076131,-9.47703453567536
6.76942355889724,-0.33028770580168,-1.08465194046233,-2.41800595282112,-4.16051120593102,-6.07014602834608,-7.78999758181262,-9.23679237922533,-9.53485295454817,-9.82620838645791,-9.435932452592,-9.67338315115508
6.77944862155388,-0.326089587444933,-1.07142005787059,-2.39170677067493,-4.12502441966407,-6.04076383392149,-7.79439407872835,-9.30898094795411,-9.6721582886782,-10.0165220916817,-9.62921304330362,-9.87699347447077
6.78947368421053,-0.321978702336598,-1.0584863355122,-2.36602998993904,-4.09037054489748,-6.0119775040132,-7.79884186065685,-9.38184534858295,-9.81331134427397,-10.2143235250992,-9.83009085039834,-10.0881944531032
6.79949874686717,-0.317953714510075,-1.04584447736537,-2.34095940112659,-4.05652690590817,-5.9837728172193,-7.80332818629145,-9.45534984599804,-9.95844842115707,-10.4200716647145,-10.0389897112629,-10.3073246645807
6.80952380952381,-0.314013253102107,-1.03348826271726,-2.31647929404453,-4.02347169314031,-5.95613598795024,-7.80784003576868,-9.52945443254639,-10.1077104243984,-10.6342669763211,-10.2563632794376,-10.5347299207778
6.81954887218045,-0.310155919802573,-1.02141155578184,-2.29257444722749,-3.99118392765072,-5.92905365276578,-7.81236411136535,-9.60411451010362,-10.2612427479269,-10.8574566250815,-10.4826971689647,-10.7707597863071
6.82957393483709,-0.306380295571373,-1.0096083139343,-2.26923011705384,-3.95964342729894,-5.90251285724956,-7.81688683882258,-9.6792805584637,-10.4191950754684,-11.0902405461974,-10.7185111185955,-11.0157626500564
6.83959899749373,-0.302684946680731,-0.998072594700435,-2.24643202663166,-3.92883077458599,-5.87650104339958,-7.82139436935646,-9.75489779113382,-10.58172107706,-11.3332785514257,-10.9643610995933,-11.2700788746215
6.84962406015038,-0.299068430137399,-0.98679856162709,-2.22416635453067,-3.89872728605138,-5.85100603751338,-7.82587258241592,-9.83090580002758,-10.7489779742007,-11.5872986921382,-11.2208412500807,-11.5340313991489
6.85964912280702,-0.295529298535819,-0.975780489148906,-2.20241972342652,-3.86931498314362,-5.826016038548,-7.83030708924925,-9.90723819102657,-10.921125940281,-11.8531071564993,-11.4885854597019,-11.8079129775485
6.86967418546366,-0.292066104389912,-0.96501276655615,-2.18117918871478,-3.84057656448434,-5.80151960693489,-7.83468323734158,-9.98382221293166,-11.0983272950141,-12.1316000526038,-11.7682683425985,-12.0919689855463
6.8796992481203,-0.288677403987714,-0.954489901159056,-2.160432227144,-3.81249537945121,-5.77750565383122,-7.83898611578551,-10.0605783829536,-11.2807454418005,-12.4237775272737,-12.0606052123783,-12.38637441587
6.88972431077694,-0.285361760810103,-0.944206520735381,-2.14016672551053,-3.78505540300887,-5.75396343078926,-7.84320056164772,-10.1374201126032,-11.4685434848897,-12.7307608004555,-12.3663504924918,-12.6912032928057
6.89974937343358,-0.282117748551692,-0.934157375339866,-2.12037096945116,-3.75824121172156,-5.73088251982667,-7.84731116739354,-10.2142533386367,-11.6618824483458,-13.053812870352,-12.6862937338418,-13.006388275331
6.90977443609022,-0.278943953779281,-0.924337338546932,-2.1010336323646,-3.7320379608849,-5.70825282388055,-7.8513022894312,-10.2909761645863,-11.8609190005799,-13.3943638828116,-13.0212520316442,-13.331667700693
6.91979949874687,-0.275838978260451,-0.914741408191353,-2.08214376448762,-3.70643136271775,-5.6860645576293,-7.85515805783611,-10.3674785193658,-12.0658025659031,-13.7540424869345,-13.3720570821585,-13.6665168043228
6.92982456140351,-0.272801440992368,-0.90536470666533,-2.06369078214781,-3.68140766555885,-5.66430823866664,-7.85886238731416,-10.4436418404627,-12.2766716774073,-14.1347149575072,-13.7395343205278,-14.0100594648516
6.93984962406015,-0.269829979958617,-0.896202480824944,-2.04566445721069,-3.65695363401553,-5.64297467901268,-7.86239898946071,-10.5193387903142,-12.4936493926884,-14.5385345148695,-14.1244704263056,-14.3609568153928
6.94987468671679,-0.266923253639469,-0.88725010155369,-2.02805490673604,-3.63305653001536,-5.62205497694749,-7.86575138636966,-10.5944330155791,-12.7168375546992,-14.9680042088702,-14.5275638275105,-14.7172698838352
6.95989974937343,-0.264079942299103,-0.878503063026226,-2.01085258285503,-3.60970409471395,-5.60154050915336,-7.86890292564336,-10.6687789601436,-12.9463096337291,-15.4260581056265,-14.9493504909498,-15.0762958173078
6.96992481203008,-0.261298749071248,-0.869956981711188,-1.9940482628776,-3.58688453121486,-5.58142292315204,-7.87183679685065,-10.7422217437931,-13.1821018329286,-15.9161675664659,-15.3900940463468,-15.434382316418
6.97994987468672,-0.258578400863006,-0.861607595148,-1.97763303963677,-3.56458648806017,-5.56169413002399,-7.87453604947569,-10.8145971194974,-13.4242020794683,-16.4424825402697,-15.8496249891285,-15.7867340772344
6.98997493734336,-0.255917649094846,-0.853450760529157,-1.96159831207524,-3.54279904345211,-5.54234629739716,-7.87698361239489,-10.8857315231378,-13.6725364583368,-17.0100226901448,-16.32710840787,-16.1272396632325
7,-0.253315270293398,-0.845482453116136,-1.94593577607736,-3.52151169016893,-5.52337184269295,-7.87916231491386,-10.9554422301808,-13.9269525803036,-17.6249410511477,-16.8207141285142,-16.4483674952491
